away_name,away_abbr,home_name,home_abbr,week,win_perc_dif,first_downs_dif,fumbles_dif,interceptions_dif,net_pass_yards_dif,pass_attempts_dif,pass_completions_dif,pass_touchdowns_dif,pass_yards_dif,penalties_dif,points_dif,rush_attempts_dif,rush_touchdowns_dif,rush_yards_dif,time_of_possession_dif,times_sacked_dif,total_yards_dif,turnovers_dif,yards_from_penalties_dif,yards_lost_from_sacks_dif,fourth_down_perc_dif,third_down_perc_dif,result
Los Angeles Chargers,sdg,Kansas City Chiefs,kan,2,0.0,-15.0,-4.0,0.0,-81.0,-5.0,-4.0,-2.0,-81.0,2.0,-2.0,4.0,-1.0,-52.0,-130.0,0.0,-133.0,-1.0,-4.0,0.0,-1.0,-0.19642857142857145,0.0
New York Jets,nyj,Cleveland Browns,cle,2,-1.0,1.0,1.0,1.0,159.0,25.0,19.0,0.0,162.0,-3.0,0.0,-22.0,-1.0,-134.0,-356.0,2.0,25.0,2.0,10.0,3.0,0.25,-0.30158730158730157,1.0
Washington Commanders,was,Detroit Lions,det,2,1.0,3.0,0.0,1.0,100.0,4.0,6.0,2.0,98.0,-1.0,-16.0,0.0,-3.0,-96.0,307.0,0.0,4.0,2.0,-2.0,-2.0,,0.05714285714285705,0.0
Indianapolis Colts,clt,Jacksonville Jaguars,jax,2,,9.0,4.0,0.0,80.0,8.0,8.0,0.0,77.0,-6.0,-8.0,20.0,0.0,54.0,790.0,0.0,134.0,1.0,-1.0,-3.0,0.0,0.15000000000000002,0.0
Tampa Bay Buccaneers,tam,New Orleans Saints,nor,2,0.0,0.0,-1.0,1.0,-39.0,-7.0,-5.0,-1.0,-57.0,-3.0,-23.0,14.0,-1.0,1.0,386.0,-2.0,-38.0,0.0,-74.0,-18.0,,0.04945054945054944,1.0
Carolina Panthers,car,New York Giants,nyg,2,-1.0,-4.0,3.0,0.0,51.0,6.0,-1.0,-1.0,47.0,0.0,6.0,-13.0,1.0,-184.0,-440.0,-1.0,-133.0,-1.0,51.0,-4.0,,0.16363636363636364,0.0
New England Patriots,nwe,Pittsburgh Steelers,pit,2,-1.0,4.0,1.0,1.0,1.0,-8.0,0.0,0.0,19.0,-5.0,0.0,0.0,0.0,3.0,72.0,1.0,4.0,3.0,-44.0,18.0,,0.17777777777777776,1.0
Miami Dolphins,mia,Baltimore Ravens,rav,2,0.0,5.0,1.0,-1.0,31.0,3.0,6.0,-2.0,57.0,-1.0,-2.0,2.0,0.0,2.0,300.0,1.0,33.0,-1.0,-9.0,26.0,,0.04395604395604391,1.0
Atlanta Falcons,atl,Los Angeles Rams,ram,2,0.0,7.0,2.0,-3.0,24.0,-8.0,-9.0,-1.0,-25.0,4.0,-4.0,20.0,2.0,149.0,298.0,-7.0,173.0,-1.0,25.0,-49.0,,-0.07692307692307693,0.0
Seattle Seahawks,sea,San Francisco 49ers,sfo,2,1.0,2.0,1.0,-1.0,22.0,0.0,10.0,2.0,31.0,-7.0,-3.0,-18.0,-1.0,-100.0,-427.0,0.0,-78.0,-1.0,-22.0,9.0,0.0,0.07486631016042777,0.0
Cincinnati Bengals,cin,Dallas Cowboys,dal,2,0.0,20.0,2.0,3.0,126.0,11.0,12.0,2.0,140.0,-6.0,4.0,16.0,0.0,62.0,984.0,3.0,188.0,4.0,-46.0,14.0,-0.06666666666666671,0.3,0.0
Houston Texans,htx,Denver Broncos,den,2,,0.0,-1.0,0.0,-108.0,-5.0,-6.0,1.0,-100.0,-6.0,3.0,8.0,0.0,-26.0,-196.0,1.0,-134.0,-1.0,-66.0,8.0,,-0.2,0.0
Arizona Cardinals,crd,Las Vegas Raiders,rai,2,0.0,0.0,0.0,-3.0,-77.0,1.0,2.0,0.0,-90.0,2.0,20.0,9.0,1.0,39.0,-130.0,-3.0,-38.0,-3.0,38.0,-13.0,0.25,-0.20454545454545453,1.0
Chicago Bears,chi,Green Bay Packers,gnb,2,1.0,-6.0,-1.0,0.0,-122.0,-22.0,-18.0,2.0,-139.0,1.0,-13.0,19.0,0.0,-12.0,-125.0,-2.0,-134.0,-1.0,14.0,-17.0,,0.023809523809523836,0.0
Tennessee Titans,oti,Buffalo Bills,buf,2,-1.0,-4.0,0.0,-2.0,-26.0,2.0,-6.0,-1.0,-31.0,2.0,11.0,1.0,-1.0,-28.0,-8.0,-1.0,-54.0,-3.0,15.0,-5.0,,-0.6272727272727273,0.0
Minnesota Vikings,min,Philadelphia Eagles,phi,2,0.0,-8.0,0.0,0.0,30.0,0.0,5.0,2.0,34.0,-7.0,-28.0,-11.0,-4.0,-90.0,-11.0,0.0,-60.0,0.0,-41.0,4.0,0.33333333333333337,-0.28054298642533937,0.0
Pittsburgh Steelers,pit,Cleveland Browns,cle,3,0.06269592476489022,-11.739811912225704,0.5172413793103448,-0.06269592476489033,-7.11285266457682,5.347962382445139,0.9310344827586192,0.0,-7.231974921630098,-1.2037617554858935,-8.984326018808776,-15.96551724137931,-2.0344827586206895,-117.65830721003137,-532.8589341692789,0.9090909090909092,-124.7711598746082,0.3918495297805642,-12.658307210031346,-0.11912225705329149,,-0.1491582491582492,0.0
New Orleans Saints,nor,Carolina Panthers,car,3,0.5555555555555556,1.6799999999999997,-1.7866666666666666,0.7733333333333332,49.76444444444445,8.786666666666665,8.76888888888889,0.5555555555555556,58.93333333333334,1.764444444444445,0.41333333333333044,-1.3155555555555587,-0.5644444444444445,33.85333333333334,327.5155555555557,1.7688888888888892,83.61777777777775,1.3377777777777777,11.186666666666667,9.16888888888889,-1.0,0.03496503496503495,0.0
Houston Texans,htx,Chicago Bears,chi,3,-0.8125,4.083333333333332,1.1458333333333333,-1.0,105.02083333333334,21.458333333333336,13.854166666666668,-0.29166666666666674,107.5625,2.916666666666667,5.479166666666668,-10.458333333333332,-1.0,-36.1875,214.89583333333326,0.8125,68.83333333333331,-0.33333333333333337,29.125,2.541666666666668,0.3333333333333333,-0.0559056020162676,0.0
Kansas City Chiefs,kan,Indianapolis Colts,clt,3,1.0,0.47430830039525773,-1.940711462450593,-2.130434782608696,22.02371541501978,-2.604743083003953,2.679841897233203,2.383399209486166,5.830039525691689,-0.687747035573123,0.9209486166007927,-3.4150197628458514,-0.16205533596837945,-4.932806324110672,-51.99604743083023,-2.9683794466403164,17.090909090909065,-2.292490118577075,-9.561264822134383,-16.193675889328063,1.0,0.0845238095238095,0.0
Buffalo Bills,buf,Miami Dolphins,mia,3,0.0,0.5,0.7777777777777777,0.7777777777777777,-57.166666666666686,-9.5,-3.5,-0.38888888888888884,-70.27777777777777,-0.666666666666667,-12.833333333333334,4.388888888888889,0.8888888888888888,43.27777777777777,-142.27777777777783,-0.11111111111111116,-13.888888888888914,2.5555555555555554,1.0555555555555571,-13.11111111111111,-0.33333333333333337,0.30795698924731174,0.0
Detroit Lions,det,Minnesota Vikings,min,3,-0.2733333333333333,0.4733333333333327,0.2733333333333333,-0.06,-36.593333333333305,0.9866666666666646,-3.2266666666666666,1.2866666666666668,-29.706666666666678,0.30666666666666664,22.006666666666668,0.5933333333333337,1.32,71.26666666666667,-117.07333333333327,0.9533333333333334,34.67333333333329,-0.06,10.566666666666666,6.886666666666665,-0.717948717948718,0.14962121212121215,0.0
Baltimore Ravens,rav,New England Patriots,nwe,3,-0.05572755417956654,0.7678018575851375,0.052631578947368474,-0.5294117647058824,43.59442724458202,-3.1609907120743017,-1.882352941176471,2.0,35.06191950464395,-2.2229102167182666,9.628482972136222,-3.6191950464396285,0.003095975232198178,9.495356037151694,-265.1609907120742,-0.006191950464396245,53.08978328173379,-1.476780185758514,-19.758513931888547,-8.53250773993808,0.33333333333333337,-0.15663120713024192,1.0
Cincinnati Bengals,cin,New York Jets,nyj,3,-0.6521739130434783,6.275362318840582,-0.33333333333333326,2.3188405797101446,-50.492753623188406,-2.536231884057969,-0.4782608695652186,-1.2898550724637678,-27.1159420289855,-2.304347826086956,-5.913043478260871,12.043478260869566,0.0,28.811594202898547,659.2173913043478,4.318840579710145,-21.681159420289816,1.9855072463768118,-35.681159420289845,23.3768115942029,-0.4012158054711245,0.04541876097620062,1.0
Las Vegas Raiders,rai,Tennessee Titans,oti,3,0.0,2.4761904761904745,0.0952380952380949,0.6190476190476192,36.14285714285714,8.142857142857146,6.380952380952383,0.6666666666666667,52.0952380952381,-0.666666666666667,-0.8095238095238102,-8.76190476190476,-0.3333333333333333,-15.523809523809533,-85.23809523809541,1.8095238095238095,20.619047619047592,-0.1428571428571428,-18.761904761904766,15.952380952380953,-0.5,0.2123758594346829,0.0
Philadelphia Eagles,phi,Washington Commanders,was,3,0.6666666666666667,4.166666666666664,-0.9166666666666666,-1.25,-61.0,-12.416666666666668,-10.333333333333332,-3.25,-78.5,6.5,1.3333333333333321,15.250000000000004,3.166666666666667,124.58333333333334,-35.66666666666674,-2.5,63.583333333333314,-1.5833333333333335,28.58333333333333,-17.5,0.16666666666666663,0.05999999999999994,1.0
Jacksonville Jaguars,jax,Los Angeles Chargers,sdg,3,0.49210526315789477,1.5236842105263158,0.19210526315789472,-0.4921052631578947,-74.82894736842104,-11.589473684210525,-7.244736842105265,-1.35,-76.31578947368422,3.1842105263157894,-15.936842105263157,5.244736842105265,1.0,30.292105263157893,40.46315789473692,-0.9842105263157894,-44.53684210526319,-0.4921052631578947,19.481578947368423,-1.4868421052631575,-0.390006489292667,0.025979649274734784,1.0
Los Angeles Rams,ram,Arizona Cardinals,crd,3,-0.06666666666666671,-1.3333333333333321,-0.8,2.2666666666666666,2.5999999999999943,-3.066666666666663,1.5333333333333314,0.06666666666666665,16.866666666666646,-4.133333333333333,-5.933333333333334,-3.7333333333333307,-1.0666666666666667,-62.666666666666664,-24.933333333333167,2.8,-60.06666666666666,2.6,-37.06666666666667,14.266666666666666,-0.11038961038961037,0.25806451612903225,1.0
Atlanta Falcons,atl,Seattle Seahawks,sea,3,-0.125,8.244565217391305,1.402173913043478,-1.0543478260869565,20.070652173913032,-0.05978260869565233,-4.918478260869566,0.44565217391304346,11.641304347826093,-2.4184782608695654,2.766304347826086,19.548913043478258,1.3043478260869565,121.3913043478261,602.6141304347825,-0.9565217391304348,141.46195652173913,-0.40217391304347805,-56.41847826086956,-8.429347826086957,0.5,0.026666666666666616,1.0
Green Bay Packers,gnb,Tampa Bay Buccaneers,tam,3,-0.625,9.160714285714286,0.8928571428571429,0.48214285714285715,32.0,0.75,5.375,-0.25,57.10714285714286,-5.196428571428571,9.125,-4.928571428571427,1.0,62.07142857142857,103.53571428571422,2.482142857142857,94.07142857142856,0.625,-74.51785714285714,25.107142857142858,0.0,0.11494252873563221,1.0
San Francisco 49ers,sfo,Denver Broncos,den,3,-0.4833333333333334,-0.1999999999999993,1.6666666666666667,-0.18333333333333335,-57.349999999999994,-6.233333333333334,-2.8000000000000007,-0.65,-68.16666666666666,-4.683333333333334,4.466666666666667,10.63333333333333,1.35,39.21666666666667,146.19999999999982,-1.1833333333333336,-18.133333333333326,0.1333333333333333,-27.549999999999997,-10.816666666666668,-0.5354609929078015,0.1411860940695296,0.0
Dallas Cowboys,dal,New York Giants,nyg,3,-0.25,-1.0166666666666657,0.21666666666666667,-0.016666666666666663,55.349999999999994,3.216666666666665,-1.1666666666666679,-0.5166666666666666,46.55000000000001,-1.75,0.43333333333333357,-7.983333333333334,0.48333333333333334,-41.0,-461.5666666666666,-1.7833333333333332,14.350000000000023,0.4666666666666667,-5.466666666666669,-8.8,-0.375,-0.0442577030812325,1.0
Miami Dolphins,mia,Cincinnati Bengals,cin,4,0.6666666666666667,-5.611111111111111,-1.1777777777777776,-1.1777777777777776,22.74444444444447,-10.655555555555559,-4.766666666666669,0.38888888888888884,9.988888888888937,0.20000000000000018,2.4333333333333336,-10.899999999999999,0.8,-40.18888888888888,-588.9000000000001,-3.1111111111111107,-17.444444444444457,-1.9555555555555553,-0.47777777777777786,-12.755555555555556,0.6470588235294118,0.012349799732977285,0.0
Minnesota Vikings,min,New Orleans Saints,nor,4,0.5840336134453781,7.819327731092436,-1.2184873949579833,-1.3949579831932772,-12.37815126050424,0.4327731092436977,-0.4033613445378137,0.5840336134453781,-26.865546218487395,-4.8109243697479,-3.8571428571428577,4.701680672268907,0.5798319327731093,7.794117647058826,-77.04201680672281,-2.4411764705882355,-4.584033613445399,-2.033613445378151,-56.15546218487394,-14.487394957983192,0.5925925925925927,-0.07380119880119879,1.0
Cleveland Browns,cle,Atlanta Falcons,atl,4,0.5185185185185185,1.6074074074074076,-2.2444444444444445,-0.4074074074074074,-11.288888888888891,1.6000000000000014,2.325925925925926,0.6148148148148149,-11.155555555555566,0.022222222222222143,-3.7481481481481467,4.274074074074072,0.2592592592592593,24.792592592592598,231.65925925925922,0.022222222222222365,13.503703703703707,-1.962962962962963,1.9185185185185176,0.13333333333333464,0.17391304347826086,0.09720623225113201,0.0
Tennessee Titans,oti,Indianapolis Colts,clt,4,0.0714285714285714,-1.2777777777777786,-1.261904761904762,-0.5039682539682541,17.702380952380935,-9.797619047619051,-6.130952380952383,0.1428571428571428,-3.932539682539698,2.091269841269841,4.067460317460316,1.7142857142857153,1.007936507936508,2.0079365079365203,-78.36904761904748,-3.023809523809524,19.71031746031747,-0.5714285714285714,27.452380952380956,-21.634920634920636,0.026666666666666672,0.0601422475106686,1.0
Washington Commanders,was,Dallas Cowboys,dal,4,-0.5277777777777778,4.111111111111111,0.5833333333333334,0.7777777777777778,52.83333333333334,10.555555555555557,8.333333333333332,1.7222222222222223,74.94444444444446,-2.9444444444444446,12.166666666666668,-2.333333333333332,-0.02777777777777779,-19.66666666666667,328.25,3.4444444444444446,33.166666666666686,0.6111111111111112,-17.75,22.11111111111111,-0.3137254901960785,0.19213081246806335,0.0
Seattle Seahawks,sea,Detroit Lions,det,4,-0.3055555555555556,-3.25,0.5277777777777778,0.8888888888888888,-15.861111111111114,-1.9722222222222214,4.75,-1.6388888888888888,-10.388888888888886,3.583333333333333,-4.583333333333336,-11.166666666666664,-1.5277777777777777,-107.38888888888887,-272.58333333333326,0.5277777777777777,-123.25,1.5555555555555554,44.083333333333336,5.472222222222221,0.09157509157509158,0.07031250000000006,1.0
Los Angeles Chargers,sdg,Houston Texans,htx,4,0.12,1.7503448275862077,-1.7779310344827586,-0.08551724137931038,93.24275862068964,10.841379310344827,9.377931034482756,1.3475862068965518,86.96827586206894,-0.6965517241379304,7.921379310344829,-2.384827586206896,-0.4827586206896552,-21.398620689655175,93.47448275862075,-0.5144827586206895,71.84413793103448,-0.19034482758620674,-10.58896551724138,-6.274482758620691,0.15495416848537757,0.07410699405588583,1.0
Chicago Bears,chi,New York Giants,nyg,4,-0.03749999999999998,-2.966666666666667,0.5333333333333334,1.1541666666666666,-72.37083333333334,-14.537500000000001,-12.725,-0.3208333333333333,-71.35,-3.2,-1.0708333333333329,5.149999999999999,1.1541666666666666,51.28333333333333,-319.67916666666656,-0.125,-21.087499999999977,0.9041666666666666,-27.104166666666668,1.0208333333333321,-0.9375,0.07171543316121626,0.0
Jacksonville Jaguars,jax,Philadelphia Eagles,phi,4,-0.2692307692307693,-1.9534412955465612,-0.15182186234817813,0.2165991902834008,-28.248987854251027,2.2550607287449367,5.52834008097166,0.8036437246963561,-31.4736842105263,-2.5910931174089065,-13.732793522267205,-3.767206477732792,-1.4210526315789473,-44.19635627530364,297.1538461538462,-1.3036437246963564,-72.44534412955466,0.2165991902834008,-21.593117408906878,-3.224696356275304,-0.07291666666666674,-0.09998667199786743,0.0
New York Jets,nyj,Pittsburgh Steelers,pit,4,0.1529605263157895,3.9819078947368425,0.8601973684210527,0.549342105263158,103.44243421052633,16.310855263157897,9.202302631578949,1.5460526315789473,116.64967105263159,0.9539473684210522,4.65625,-2.75,-0.8421052631578947,-5.702302631578945,216.50328947368416,1.2861842105263157,97.74013157894734,1.1463815789473686,28.016447368421055,13.207236842105264,,0.09500012683595038,1.0
Buffalo Bills,buf,Baltimore Ravens,rav,4,-0.06666666666666665,7.644444444444442,1.6666666666666665,0.4,84.58518518518517,15.103703703703701,13.696296296296296,-0.7037037037037037,89.68148148148151,3.4444444444444446,-12.096296296296298,-0.051851851851854036,-0.1703703703703704,-22.696296296296296,428.51111111111095,0.6592592592592594,61.888888888888914,1.4962962962962962,28.770370370370372,5.096296296296296,0.3333333333333334,0.3265743650170202,1.0
Arizona Cardinals,crd,Carolina Panthers,car,4,-0.10833333333333334,7.633333333333333,-1.0416666666666667,-0.08333333333333331,78.50833333333333,20.8,16.25,0.06666666666666665,74.65833333333336,1.5250000000000004,10.825,-1.3333333333333357,0.2333333333333334,-10.758333333333326,341.45833333333326,-0.9416666666666669,67.75,-0.6333333333333333,9.216666666666669,-3.849999999999998,0.3015607580824973,0.0021480253240879765,1.0
New England Patriots,nwe,Green Bay Packers,gnb,4,-0.20062695924764884,-1.3855799373040725,-0.1630094043887147,0.9623824451410659,22.56739811912226,-1.677115987460816,-3.0188087774294665,-0.4357366771159874,12.144200626959247,0.4702194357366771,7.338557993730408,1.808777429467085,0.652037617554859,-7.125391849529777,-121.30094043887152,-1.2539184952978057,15.442006269592468,0.9278996865203764,0.04702194357366807,-10.42319749216301,0.3448275862068966,0.017896082412211467,0.0
Denver Broncos,den,Las Vegas Raiders,rai,4,0.875,-3.2333333333333343,-0.9166666666666667,-0.5083333333333333,-69.39166666666665,-8.924999999999997,-8.091666666666665,-1.25,-64.55833333333334,4.408333333333333,-15.083333333333332,11.791666666666668,0.25,45.91666666666667,200.11666666666656,1.125,-23.475000000000023,-0.5249999999999999,39.45,4.833333333333334,-0.06666666666666665,0.03805821269630161,0.0
Kansas City Chiefs,kan,Tampa Bay Buccaneers,tam,4,-0.19495798319327728,5.295798319327732,0.3647058823529412,0.253781512605042,60.544537815126034,1.468907563025212,3.248739495798322,1.1428571428571428,59.57478991596639,-1.8084033613445376,12.117647058823529,-6.1294117647058854,0.5428571428571428,11.294117647058826,-99.77647058823527,-0.6420168067226891,71.83865546218487,-0.2621848739495799,-35.60840336134454,-0.969747899159664,0.39375,0.07266700662927078,1.0
Los Angeles Rams,ram,San Francisco 49ers,sfo,4,0.13009404388714735,0.5078369905956102,-1.0909090909090908,1.5250783699059562,55.211598746081506,10.043887147335422,12.460815047021944,0.9702194357366771,75.74294670846396,-3.976489028213166,12.166144200626958,-17.35736677115987,-0.6065830721003135,-108.27429467084639,-332.4420062695924,2.446708463949844,-53.06269592476491,1.200626959247649,-30.99529780564263,20.531347962382444,0.2735562310030395,0.057010432821091195,0.0
Indianapolis Colts,clt,Denver Broncos,den,5,-0.30303030303030304,3.0074211502782937,2.059369202226345,0.8107606679035251,37.794063079777374,7.068645640074209,7.829313543599259,0.17439703153988884,48.37291280148426,-4.144712430426717,5.144712430426715,-2.8942486085343226,-0.2504638218923933,-36.35064935064935,46.82374768089062,0.7662337662337664,1.4434137291280535,1.3562152133580705,-25.773654916512065,10.578849721706867,-0.4933333333333334,0.09459286990555604,1.0
New York Giants,nyg,Green Bay Packers,gnb,5,0.29333333333333333,-2.0,-0.8266666666666667,-0.24,-103.97333333333333,-8.773333333333337,-7.026666666666664,-0.5733333333333333,-106.52000000000001,3.7066666666666666,-2.9866666666666646,8.546666666666663,0.12,40.33333333333334,-38.12000000000012,0.28000000000000025,-63.64000000000004,-0.72,24.560000000000002,-2.546666666666667,0.6517857142857143,-0.06685163776493258,1.0
Pittsburgh Steelers,pit,Buffalo Bills,buf,5,-0.39999999999999997,-8.255555555555556,-1.0444444444444443,-0.21111111111111114,-122.80000000000001,-10.111111111111114,-10.144444444444446,-1.9,-124.04444444444445,0.155555555555555,7.988888888888889,-0.87777777777778,0.411111111111111,-22.84444444444445,-408.02222222222235,-0.6888888888888891,-145.64444444444445,-1.0222222222222224,-3.1555555555555586,-1.2444444444444454,0.29166666666666663,-0.329059829059829,0.0
Los Angeles Chargers,sdg,Cleveland Browns,cle,5,-0.13704600484261498,-3.845520581113803,0.35399515738498794,0.13704600484261498,120.39031476997579,12.070217917675546,8.771912832929782,1.3375302663438258,116.3690072639225,-1.7094430992736074,3.698789346246972,-13.871186440677967,-1.1743341404358354,-118.24406779661015,-282.23050847457625,0.1002421307506054,2.146246973365578,0.3569007263922518,-5.204358353510898,-4.021307506053269,0.07583295642997134,-0.06216654285135409,1.0
Houston Texans,htx,Jacksonville Jaguars,jax,5,-0.5588235294117647,-3.18476621417798,0.4638009049773757,0.7895927601809956,-7.56938159879337,2.4087481146304626,0.15007541478129482,-0.5859728506787332,1.6093514328808283,0.8310708898944199,9.800904977375565,-6.9841628959276,-0.1493212669683257,-8.76696832579185,-164.36199095022607,1.18552036199095,-16.336349924585193,0.10482654600301666,11.96153846153846,9.178733031674208,-0.14002267573696148,-0.10122324874283711,1.0
Chicago Bears,chi,Minnesota Vikings,min,5,-0.2764423076923077,-9.04647435897436,1.4607371794871793,0.5657051282051282,-153.6650641025641,-21.120192307692307,-16.259615384615387,-0.8333333333333334,-149.7019230769231,0.8461538461538458,-4.607371794871796,11.122596153846153,-0.028044871794871806,80.22756410256412,-70.87820512820508,2.1081730769230766,-73.4375,0.9142628205128205,12.864583333333336,3.9631410256410255,-0.7380952380952381,0.055442355087229056,0.0
Seattle Seahawks,sea,New Orleans Saints,nor,5,0.2585812356979405,3.473684210526315,-1.5080091533180777,-0.37528604118993136,13.981693363844386,-2.8741418764302082,1.7116704805491985,0.12814645308924488,2.526315789473699,1.0915331807780326,10.919908466819223,2.7643020594965684,0.38215102974828374,34.02517162471395,38.48512585812364,-2.0617848970251718,48.006864988558334,-1.0228832951945082,-0.6590389016018179,-11.45537757437071,0.05982905982905984,0.24701591511936338,0.0
Detroit Lions,det,New England Patriots,nwe,5,-0.005157962604771138,3.330754352030951,-1.107672469374597,-0.7827208252740168,37.15538362346871,6.714377820760795,2.4667956157317867,2.1328175370728566,33.064474532559615,0.7498388136686005,10.541586073500962,-0.13410702772404903,0.3049645390070923,42.69310122501611,-81.85170857511275,-0.577691811734365,79.84848484848487,-1.5183752417794971,9.62217923920052,-4.090909090909092,0.29285357321339334,-0.03739925669186123,0.0
Miami Dolphins,mia,New York Jets,nyj,5,0.08807134894091417,-0.7363433667781472,-1.6599777034559642,0.06131549609810483,1.2703455964326054,-13.72519509476031,-5.259197324414718,-0.12430323299888535,-0.8589743589743648,-1.0089186176142695,-3.1298773690078043,-0.891304347826086,0.3422519509476031,-18.118729096989966,-60.32051282051293,-0.835005574136009,-16.848383500557418,-0.9899665551839467,-29.34838350055741,-2.1293199554069133,0.06000574217628485,-0.01439123790117175,0.0
Atlanta Falcons,atl,Tampa Bay Buccaneers,tam,5,-0.2978177150192554,5.711168164313223,0.7086007702182284,0.72400513478819,-41.206675224647,-10.835686777920408,-7.970474967907574,-0.7227214377406932,-38.92426187419767,-2.6136071887034653,11.842105263157896,8.883183568677794,1.504492939666239,110.37869062901154,30.67394094993574,-0.20154043645699615,69.17201540436457,0.5905006418485239,-44.58151476251604,2.2824133504492936,0.30000000000000004,0.057195436142804534,0.0
Tennessee Titans,oti,Washington Commanders,was,5,0.6027777777777779,-2.018518518518519,-0.3601851851851853,-0.8555555555555556,-56.59814814814814,-18.62222222222222,-9.433333333333334,-0.49444444444444424,-67.94629629629628,0.916666666666667,-7.298148148148147,3.133333333333333,0.6231481481481481,9.648148148148152,-291.2046296296296,-2.0629629629629624,-46.94999999999999,-0.9092592592592592,-7.8787037037036995,-11.348148148148148,-0.012121212121212116,-0.018867602945186746,1.0
San Francisco 49ers,sfo,Carolina Panthers,car,5,0.014492753623188415,4.624154589371981,-0.46763285024154566,0.11884057971014494,4.298550724637664,-0.9961352657004845,-0.6705314009661834,-0.5652173913043479,-9.676328502415458,2.1584541062801934,-6.071497584541062,13.906280193236718,0.5951690821256039,63.21159420289855,534.968115942029,-1.1729468599033819,67.5101449275362,0.2579710144927536,7.501449275362326,-13.97487922705314,-0.09857723577235772,0.15631203061370663,1.0
Philadelphia Eagles,phi,Arizona Cardinals,crd,5,0.55,3.0277777777777786,-1.0574074074074074,-0.1166666666666667,18.012962962962973,-13.033333333333335,-9.659259259259258,-0.4851851851851853,12.775925925925918,-0.594444444444445,-3.9851851851851876,13.040740740740741,1.9388888888888889,64.92592592592592,2.598148148148084,0.03888888888888875,82.93888888888893,-0.1166666666666667,-19.968518518518522,-5.237037037037036,0.005386479935362343,0.12152249134948101,1.0
Dallas Cowboys,dal,Los Angeles Rams,ram,5,0.4714285714285714,-3.495238095238097,-0.7142857142857143,-2.071428571428571,-4.471428571428589,-7.4714285714285715,-9.733333333333334,0.14285714285714302,-26.833333333333343,1.0809523809523807,-13.390476190476193,6.961904761904762,-0.26666666666666666,17.509523809523806,-115.87619047619046,-3.161904761904762,13.038095238095195,-2.2523809523809524,-3.6952380952380963,-22.361904761904764,0.06085192697768771,-0.16364647827833806,1.0
Cincinnati Bengals,cin,Baltimore Ravens,rav,5,0.03594080338266392,2.5391120507399556,0.2980972515856236,0.20718816067653278,49.54263565891475,10.013389711064129,6.24665257223397,-0.8696264975334742,64.3939393939394,1.6448202959830867,-8.394644115574348,4.212121212121211,-0.3854827343199436,-55.062720225510915,341.33403805496823,1.520789288231149,-5.520084566596211,0.3925299506694855,22.08104298801973,14.851303735024667,-0.11595866819747414,0.08887037918451529,0.0
Las Vegas Raiders,rai,Kansas City Chiefs,kan,5,-0.48198198198198205,1.9534534534534558,-0.12462462462462476,0.5390390390390389,0.32582582582580244,4.391891891891895,1.2087087087087092,-0.5225225225225223,7.43093093093097,0.6501501501501501,2.457957957957955,-0.6321321321321314,-0.2882882882882883,14.876876876876878,135.03903903903893,1.054054054054054,15.202702702702709,0.24774774774774777,-4.2792792792792795,7.105105105105105,0.3411764705882353,-0.07233479161869671,0.0
Washington Commanders,was,Chicago Bears,chi,6,-0.38782608695652177,4.763478260869567,-0.9469565217391303,0.38086956521739135,124.97826086956522,24.275652173913045,16.80608695652174,1.3034782608695654,131.0582608695652,1.073913043478261,7.417391304347824,-10.219130434782606,-0.6434782608695653,-63.59130434782608,283.9382608695653,0.3365217391304345,61.38695652173914,-0.07478260869565201,28.10434782608695,6.079999999999998,-0.5293040293040293,0.021125234724830244,1.0
San Francisco 49ers,sfo,Atlanta Falcons,atl,6,0.0892857142857143,-1.8065476190476168,0.1607142857142856,-0.17261904761904767,15.669642857142861,1.8928571428571423,0.6071428571428577,0.1517857142857143,10.01190476190476,3.404761904761904,-10.05952380952381,2.0625,-0.16369047619047605,-7.952380952380935,233.99404761904748,0.05059523809523814,7.71726190476187,-0.26190476190476186,29.476190476190474,-5.657738095238095,-0.3605072463768116,0.07215165739084645,0.0
New England Patriots,nwe,Cleveland Browns,cle,6,0.0357142857142857,-5.055555555555557,1.0634920634920635,0.7976190476190476,19.54960317460319,-3.1884920634920633,-0.8154761904761898,-0.2658730158730158,23.101190476190453,-1.371031746031746,-5.791666666666668,-6.734126984126981,-0.9246031746031746,-57.02182539682539,-227.5793650793653,0.482142857142857,-37.47222222222223,1.3650793650793651,-11.589285714285715,3.5515873015873023,-0.26741731175228717,-0.046791274094014235,1.0
Jacksonville Jaguars,jax,Indianapolis Colts,clt,6,-0.11422924901185766,1.2939799331103679,-2.132107023411371,-0.5983277591973244,5.3615384615384585,-2.3672240802675546,-2.518729096989965,0.5026755852842809,-23.23411371237458,-0.8983277591973247,-4.292307692307691,3.132107023411372,0.41137123745819393,25.246488294314375,-107.5484949832778,-3.384615384615385,30.608026755852848,-0.656521739130435,-12.746153846153845,-28.59565217391304,0.17851851851851844,0.04184560614577476,0.0
New York Jets,nyj,Green Bay Packers,gnb,6,0.30496453900709225,-1.189361702127659,-0.23120567375886525,0.451063829787234,46.72269503546099,6.780141843971634,1.2560283687943254,0.07801418439716312,47.44893617021279,0.7673758865248228,1.9687943262411345,-0.9241134751773039,0.6,-23.097163120567373,-74.28510638297871,0.20425531914893602,23.6255319148936,0.8234042553191488,35.41489361702128,0.7262411347517741,0.3789228981015111,-0.002599366488305055,1.0
Minnesota Vikings,min,Miami Dolphins,mia,6,0.421188630490956,6.216623600344533,0.30921619293712316,-0.3996554694229114,6.099483204134344,5.350129198966407,4.897932816537466,-0.31309216192937117,6.362187769164507,-1.5288544358311809,-3.7876830318690793,5.576658053402241,0.8871662360034454,25.984926787252377,194.40869939707136,0.017226528854435763,32.084409991386735,-0.29198966408268745,-6.676571920757965,0.2627045650301465,0.28046811945117023,0.077794328254428,1.0
Cincinnati Bengals,cin,New Orleans Saints,nor,6,0.1824212271973466,2.0026533996683256,-1.291542288557214,-0.023217247097844007,23.138308457711418,5.111442786069652,2.8945273631840784,0.6490878938640132,25.98109452736321,-2.7933665008291877,-7.995356550580432,3.6298507462686587,-0.9432835820895523,-41.00331674958541,323.2520729684909,0.7645107794361525,-17.865008291874005,-0.9595356550580434,-32.17213930348259,2.8427860696517406,-0.2946859903381643,0.10040106951871652,1.0
Baltimore Ravens,rav,New York Giants,nyg,6,-0.4035714285714286,-1.7821428571428584,-0.19642857142857129,0.5642857142857143,61.31785714285715,3.299999999999997,0.7928571428571445,2.3535714285714286,55.446428571428555,-3.167857142857143,7.274999999999999,-8.510714285714283,-0.9857142857142857,-17.525000000000006,-170.03214285714284,-0.04999999999999982,43.792857142857144,0.5249999999999999,-33.46071428571429,-5.871428571428571,-0.11801730920535014,-0.0057939127246057764,0.0
Tampa Bay Buccaneers,tam,Pittsburgh Steelers,pit,6,0.6043024771838331,0.0436766623207312,-0.4282920469361148,-0.8044328552803128,39.109517601043024,3.1916558018252914,2.3533246414602367,0.7809647979139503,33.52020860495435,0.9048239895697519,-13.024119947848764,2.7724902216427623,-0.43350717079530643,-18.159713168187736,25.889830508474688,-1.01238591916558,20.949804432855274,-0.636245110821382,26.837679269882656,-5.589308996088658,-0.006493506493506468,0.0470193115029387,0.0
Carolina Panthers,car,Los Angeles Rams,ram,6,-0.09393939393939393,-4.852121212121212,1.3690909090909091,-1.4806060606060605,-53.58727272727273,-8.608484848484853,-11.079393939393938,-0.40303030303030296,-60.91818181818181,1.7612121212121208,-4.16121212121212,2.710303030303031,0.11454545454545462,39.836969696969696,-217.49212121212122,-1.1945454545454544,-13.75030303030303,-1.5466666666666664,21.07939393939394,-7.330909090909088,-0.13686040735221067,-0.199449062834629,0.0
Arizona Cardinals,crd,Seattle Seahawks,sea,6,0.011363636363636354,2.0795454545454533,0.13257575757575757,-0.0037878787878787845,-27.829545454545467,13.083333333333332,6.151515151515149,-0.6287878787878789,-27.344696969696997,-4.011363636363636,-10.636363636363637,2.8863636363636367,-0.3446969696969696,-35.272727272727266,278.85227272727275,0.0719696969696968,-63.10227272727269,-0.8825757575757577,-23.73106060606061,0.4848484848484844,0.3027763226820325,-0.11780538302277438,0.0
Buffalo Bills,buf,Kansas City Chiefs,kan,6,0.1021052631578947,3.6873684210526285,0.6463157894736844,0.6452631578947369,83.82526315789477,4.750526315789472,4.222105263157893,0.6031578947368419,84.02947368421053,0.0852631578947376,-10.897894736842106,0.2568421052631571,0.11473684210526314,27.09157894736842,109.54210526315796,0.76,110.91684210526319,1.4252631578947366,-8.4578947368421,0.20421052631578895,0.14950980392156865,0.2454998704998705,1.0
Dallas Cowboys,dal,Philadelphia Eagles,phi,6,-0.08333333333333337,-9.219086021505374,-0.14516129032258063,-0.206989247311828,-47.83467741935485,-3.313172043010752,-3.552419354838708,0.581989247311828,-48.76747311827958,-1.05510752688172,-9.31451612903226,-10.62096774193548,-2.3575268817204305,-78.91532258064515,-355.1451612903227,-0.44489247311827973,-126.75,0.043010752688172005,-8.854838709677416,-0.9327956989247301,-0.006002400960384291,-0.11898552947793634,0.0
Denver Broncos,den,Los Angeles Chargers,sdg,6,-0.2824074074074074,-4.268518518518519,0.914351851851852,0.9120370370370372,-60.52777777777777,-5.4537037037037095,-7.851851851851851,-1.5555555555555556,-42.99768518518519,3.6273148148148158,-13.817129629629628,1.4699074074074083,-0.7731481481481481,8.074074074074076,79.6064814814813,2.3587962962962967,-52.453703703703695,0.763888888888889,25.550925925925924,17.53009259259259,-0.04654545454545467,-0.17397967916102627,0.0
New Orleans Saints,nor,Arizona Cardinals,crd,7,0.011904761904761862,-1.0709523809523809,0.49952380952380926,0.4061904761904763,14.222380952380945,-8.326666666666668,-5.6780952380952385,0.26190476190476186,12.249047619047587,1.416666666666667,1.1523809523809518,0.040952380952383294,0.48523809523809525,23.996190476190463,-90.23857142857128,0.27857142857142847,38.218571428571465,1.5166666666666666,15.448095238095235,-1.9733333333333327,-0.13453536754507633,0.06073983518971293,0.0
Tampa Bay Buccaneers,tam,Carolina Panthers,car,7,0.3835227272727273,5.124431818181819,-1.2676136363636363,-0.5556818181818182,81.85,12.009090909090908,9.9625,0.30681818181818177,67.4034090909091,1.2249999999999996,-7.301704545454545,2.3789772727272727,-0.31875,-31.368750000000006,230.69488636363644,-1.9267045454545455,50.48124999999999,-0.3590909090909091,7.8244318181818215,-14.446590909090908,-0.028520499108734387,0.10600122075531909,0.0
Atlanta Falcons,atl,Cincinnati Bengals,cin,7,-0.11444478812248682,-0.9733993195174726,0.6319208165790289,-0.38601917723476653,-113.50479430869163,-15.705536653263223,-11.582431178472008,-1.3009588617383239,-122.95886173832352,-0.2245592329106092,3.5174760284565423,7.787503866377982,0.9192700278379214,85.1948654500464,-231.2449737086299,-1.6520259820600063,-28.309928858645208,-0.2446643983915866,-6.20228889576245,-9.454067429631921,0.391304347826087,-0.05298604409472191,0.0
Detroit Lions,det,Dallas Cowboys,dal,7,-0.5961538461538461,5.436813186813188,0.09203296703296704,0.4423076923076923,63.25,8.495879120879124,6.123626373626372,1.1057692307692308,66.52884615384616,0.2733516483516478,20.03434065934066,-0.45192307692307665,0.9134615384615384,60.66758241758242,116.7980769230769,0.11813186813186793,123.91758241758242,0.5686813186813188,12.067307692307693,3.2788461538461533,-0.12061403508771928,0.04528420721146276,0.0
New York Giants,nyg,Jacksonville Jaguars,jax,7,0.6453900709219857,-0.9895483389324369,-0.1892497200447929,-0.3863381858902576,-60.88652482269504,-7.2396416573348255,-3.986562150055992,-0.6662933930571109,-59.33594624860024,1.3378126166480033,0.3743934303844725,4.967525195968648,0.5606569615528181,11.954460619634176,101.26241134751785,0.761478163493841,-48.93206420306086,-0.7151922359089212,13.546472564389695,1.5505785740948106,0.10694789081885864,0.01067971122417588,1.0
Indianapolis Colts,clt,Tennessee Titans,oti,7,-0.21212121212121215,3.072567783094101,2.3201754385964914,0.8732057416267943,87.16547049441783,16.576555023923444,10.555023923444974,-0.20454545454545459,97.10845295055822,-0.553827751196172,-0.5988835725677824,-4.616028708133975,-1.0267145135566187,-29.785087719298247,191.28668261563007,1.1742424242424243,57.380382775119585,1.2755183413078148,-8.03189792663477,9.942982456140353,-0.32666666666666666,0.018796282851749613,0.0
Cleveland Browns,cle,Baltimore Ravens,rav,7,-0.11904761904761901,3.3809523809523796,-0.26190476190476186,-0.1428571428571429,-5.488095238095241,4.083333333333332,2.0595238095238066,-1.5,-4.583333333333343,1.5595238095238093,1.678571428571427,7.952380952380956,0.9285714285714286,18.39285714285714,222.83333333333348,-0.5357142857142858,12.904761904761926,-0.09523809523809512,17.154761904761905,0.904761904761906,0.2428419936373276,0.014131840637788162,0.0
Green Bay Packers,gnb,Washington Commanders,was,7,-0.09999999999999998,1.3916666666666657,0.6333333333333333,-0.6666666666666667,8.758333333333326,0.8833333333333329,1.8083333333333336,-0.06666666666666665,8.258333333333326,-0.5166666666666666,1.3000000000000007,-1.3916666666666657,-0.2833333333333334,1.1083333333333343,-16.84999999999991,-1.0833333333333335,9.866666666666674,-0.2749999999999999,-23.241666666666667,-0.5,-0.05351170568561872,0.001914919529328818,0.0
New York Jets,nyj,Denver Broncos,den,7,0.45175438596491224,2.046992481203006,-0.1679197994987469,-0.6196741854636592,6.498120300751879,3.6253132832080226,3.450501253132831,0.9743107769423559,0.5250626566415804,-1.8458646616541348,8.229949874686717,-2.7819548872180455,0.9968671679197996,-11.02694235588973,-152.38283208020061,-1.3095238095238093,-4.52882205513788,-0.11466165413533846,8.973057644110277,-5.973057644110277,-0.02860061287027582,0.1628428927680798,1.0
Houston Texans,htx,Las Vegas Raiders,rai,7,0.13478818998716302,-5.327141382868938,0.04334365325077405,0.04643962848297212,-60.25593395252835,-7.672858617131062,-3.6955624355005163,-0.6253869969040247,-58.42002063983486,-0.825593395252838,-5.328173374613002,2.1455108359133135,0.3374613003095976,-7.82352941176471,-62.024767801857706,0.17647058823529393,-68.07946336429308,0.03199174406604732,-0.7956656346749256,1.8359133126934992,-0.4872448979591837,-0.015060865147433378,0.0
Seattle Seahawks,sea,Los Angeles Chargers,sdg,7,-0.1185879757308328,-2.0121345835631566,0.7324875896304468,0.017098731384445676,-41.542746828461105,-11.002757859900715,-5.584666298952012,-0.28350799779371205,-30.704357418643156,5.225592939878655,6.06563706563707,-1.846111417539987,0.31108659680088246,32.861555432984005,-210.03750689464982,0.7142857142857142,-8.681191395477072,0.5824600110314395,42.703805846662995,10.838389409817982,-0.28964120370370366,0.07081280788177341,1.0
Kansas City Chiefs,kan,San Francisco 49ers,sfo,7,0.2926829268292683,0.7804878048780459,-0.2682926829268293,-0.4878048780487805,44.56097560975613,4.8536585365853675,4.4146341463414664,1.0975609756097562,47.21951219512192,-1.7317073170731705,4.073170731707318,-7.536585365853657,-0.36585365853658536,-38.90243902439025,-158.87804878048792,-0.09756097560975618,5.65853658536588,-0.878048780487805,-7.439024390243901,2.6585365853658534,0.3650863978732831,-0.04288371775507932,1.0
Pittsburgh Steelers,pit,Miami Dolphins,mia,7,-0.19926739926739923,-1.7865689865689873,0.6554334554334555,-0.40634920634920624,-69.67619047619047,0.6432234432234409,-0.15970695970695914,-1.2070818070818072,-74.25372405372406,-0.8561660561660558,0.46422466422466613,1.6971916971916983,0.07277167277167285,6.206349206349202,-41.80097680097674,-0.2713064713064717,-63.469841269841254,-0.06080586080586081,-9.34383394383395,-4.577533577533577,-0.23116883116883108,-0.016709429659069963,0.0
Chicago Bears,chi,New England Patriots,nwe,7,-0.15219907407407407,-3.2986111111111107,0.9293981481481481,-0.16782407407407418,-110.51331018518519,-9.721643518518519,-9.85011574074074,-0.24016203703703698,-98.85706018518519,-1.6776620370370372,-0.017361111111110716,4.935185185185187,-0.6221064814814814,49.92245370370371,-201.1863425925926,2.2922453703703702,-60.59085648148147,-0.17013888888888884,-9.892939814814817,11.65625,0.012315270935960632,-0.04777690362890602,1.0
Baltimore Ravens,rav,Tampa Bay Buccaneers,tam,8,0.09333333333333338,1.1244444444444461,0.04222222222222227,0.7355555555555556,-59.55777777777777,-15.335555555555555,-10.342222222222222,1.32,-58.28444444444443,-1.2866666666666662,7.577777777777776,6.206666666666667,0.76,93.98222222222223,42.70444444444456,1.0044444444444447,34.42444444444442,0.7466666666666667,-17.05555555555555,1.2733333333333334,0.16029800528719063,0.10028331456902884,1.0
Denver Broncos,den,Jacksonville Jaguars,jax,8,-0.07769973661106233,-4.477172958735736,0.2914837576821774,0.6826163301141351,-5.157594381036006,2.1905179982440757,-2.076821773485513,-0.7818261633011414,4.968393327480243,1.201931518876207,-4.3621597892888495,-0.11413520632133256,-0.8555750658472345,-20.30772607550483,112.69402985074635,1.8331870061457416,-25.465320456540837,0.06804214223002636,11.06716417910448,10.125987708516242,0.07798861480075903,-0.19839387367850367,1.0
Carolina Panthers,car,Atlanta Falcons,atl,8,-0.012892828364222397,-5.505237711522966,0.23348106365833998,0.03424657534246578,18.82856567284449,5.852739726027398,2.6764705882352935,0.153706688154714,24.317284448025788,0.48912167606768797,-5.816075745366639,-10.658742949234487,-0.6659951651893634,-47.419218372280426,-219.31083803384354,0.7215954875100725,-28.590652699435907,-0.14403706688154705,13.631748589846893,5.4887187751813045,-0.1824769433465086,-0.16701551817941818,0.0
Chicago Bears,chi,Dallas Cowboys,dal,8,-0.4611226611226611,-0.9746361746361778,1.4041580041580044,0.6914760914760915,-65.13679833679834,-7.367983367983371,-6.158004158004157,-0.3891891891891892,-53.30977130977132,-1.0457380457380463,6.571309771309771,5.172141372141375,-0.041995841995842054,69.408316008316,52.764241164241184,2.382536382536382,4.271517671517643,1.032016632016632,-3.9164241164241176,11.827027027027027,-0.2268346923647146,0.05713180020568931,0.0
Miami Dolphins,mia,Detroit Lions,det,8,0.2833524684270953,-0.8068886337543049,-0.6066590126291618,0.2140068886337544,31.860160734787627,0.6137772675086097,0.9588978185993113,-0.277382319173364,32.077152698048224,0.6946039035591269,-7.25556831228473,-6.163260619977038,-0.5338691159586682,-69.24523536165329,-17.22824339839258,0.20137772675086119,-37.38507462686567,-0.31549942594718705,-1.2679678530424852,0.21699196326062165,-0.0026371308016877593,-0.002092207278679037,1.0
Arizona Cardinals,crd,Minnesota Vikings,min,8,-0.43315018315018305,-2.2545787545787555,0.9111721611721613,-0.15293040293040294,-38.52380952380952,0.0384615384615401,-0.7023809523809526,-0.43315018315018317,-35.51098901098899,1.2115384615384617,6.9633699633699635,2.619963369963372,-0.30494505494505497,22.629120879120876,66.39468864468859,0.2719780219780221,-15.894688644688642,-0.2692307692307693,10.843406593406591,3.0128205128205146,-0.12271062271062261,-0.08336028259409439,0.0
Las Vegas Raiders,rai,New Orleans Saints,nor,8,0.05243445692883891,1.9700374531835223,-0.2752808988764044,-0.61750936329588,-13.148876404494388,0.7443820224719104,0.22518726591760085,-0.21114232209737827,-15.288857677902627,-1.6774344569288386,-4.27949438202247,-3.2340823970037462,-0.18445692883895137,-11.609082397003746,41.882022471910204,-0.39934456928838924,-24.757958801498148,-1.5070224719101124,-25.118445692883903,-2.139981273408239,0.30005515719801434,-0.0662338158833724,0.0
New England Patriots,nwe,New York Jets,nyj,8,-0.16652236652236652,0.9965367965367982,0.07561327561327569,0.47417027417027424,15.239826839826833,-7.764213564213566,-1.4542568542568546,-0.26522366522366525,9.740836940836942,-0.31861471861471813,-2.4911976911976907,4.4129870129870135,0.31399711399711383,10.52669552669552,146.51313131313123,-0.7786435786435786,25.766522366522395,0.6415584415584414,-23.830014430014437,-5.4989898989898975,-0.18352059925093622,0.07670737349803003,1.0
Pittsburgh Steelers,pit,Philadelphia Eagles,phi,8,-0.7313432835820896,-6.216644052464947,0.6467661691542289,0.592944369063772,-25.966530981456344,5.985526910900049,3.9045680687471744,-0.25056535504296695,-25.567616463138847,0.09181365897783778,3.824513794663048,-16.326549072817727,-1.980099502487562,-82.91361374943465,-276.5703301673452,0.014473089099954706,-108.880144730891,1.1899592944369064,-0.49660786974219917,0.39891451831750224,-0.37186440677966104,-0.09027110385982168,0.0
Tennessee Titans,oti,Houston Texans,htx,8,0.5962732919254659,0.3452380952380949,-0.5476190476190477,-0.6607142857142857,-47.13095238095238,-9.267857142857146,-5.089285714285715,0.0,-42.7797619047619,0.5892857142857135,-3.5238095238095255,5.839285714285715,0.3809523809523808,15.523809523809518,-8.690476190476147,0.38095238095238093,-31.607142857142833,-0.43452380952380953,10.190476190476197,4.351190476190476,0.09322033898305088,0.054616770677683,1.0
Washington Commanders,was,Indianapolis Colts,clt,8,-0.11542288557213931,-1.5208077260755068,-1.5973661106233537,-0.3474978050921861,-44.934503950834056,-4.312379280070239,-5.279192273924494,0.3884108867427567,-53.50517998244072,0.326953467954346,2.8491659350307295,2.9204565408252847,0.2753292361720807,29.63722563652327,6.125724319578694,-0.22282704126426678,-15.297278314310802,-0.8208955223880596,9.382791922739244,-8.570676031606673,-0.0054945054945055305,-0.02896632807145605,1.0
San Francisco 49ers,sfo,Los Angeles Rams,ram,8,-0.1782296650717703,0.7165071770334954,0.7117224880382776,-0.8528708133971292,-2.4533492822966423,-4.528708133971293,-6.815789473684209,-0.08133971291866016,-22.202153110047846,3.0059808612440193,-3.59090909090909,7.751196172248804,0.1267942583732058,59.27153110047847,71.02153110047834,-2.5,56.81818181818181,-0.5155502392344495,17.141148325358856,-19.748803827751196,-0.3770491803278689,-0.021924891429999704,1.0
New York Giants,nyg,Seattle Seahawks,sea,8,0.49465126230209666,1.5768078733418918,-0.45057766367137364,-0.2909713307659393,-78.38981600342319,-3.1784338896020543,-3.352588789045786,-0.952931108258451,-83.69105691056907,-2.8592212237911845,-14.323919554985025,9.489944373127944,0.14976465554129215,12.514762516046233,289.82028241335024,0.10526315789473673,-65.87505348737699,-0.842533162173727,-20.399229781771503,-5.301240907145914,0.06955736224028908,-0.019394930694014878,0.0
Green Bay Packers,gnb,Buffalo Bills,buf,8,-0.5608189482135689,-4.9140907266158145,0.049779205138498206,-0.725812926535528,-125.76756322761943,-2.789642713769574,-2.9791248494580493,-1.274588518667202,-115.01645925331192,0.7531112003211557,11.454435969490165,-1.6595744680851077,-0.4239261340826977,-24.897631473303903,-46.34965877157765,0.5383380168606984,-150.66519470092334,-1.3091128061019672,4.158570855078281,10.751103974307508,-0.4649122807017544,-0.29758031442241967,0.0
Cincinnati Bengals,cin,Cleveland Browns,cle,8,0.36622073578595316,0.05351170568561869,-0.09498327759197323,0.05183946488294322,92.96505016722409,6.038628762541805,6.329598662207356,1.388294314381271,104.34732441471573,-1.4329431438127092,-7.989464882943146,-6.625083612040136,-0.9481605351170569,-83.19615384615385,79.16321070234108,1.6128762541806019,9.768896321070201,-0.08896321070234126,-12.21923076923077,11.382274247491639,-0.4010335917312662,0.11812225852262787,0.0
Philadelphia Eagles,phi,Houston Texans,htx,9,0.7692307692307692,7.305645161290325,-0.6112903225806452,-0.7266129032258065,51.291935483870986,-1.9580645161290313,-1.4516129032258078,0.22096774193548385,46.85483870967741,0.8862903225806447,-0.8395161290322584,12.333064516129035,1.7943548387096775,62.103225806451604,172.94193548387102,0.03870967741935516,113.39516129032256,-0.8879032258064515,4.568548387096776,-4.437096774193549,0.17520073713307893,0.1400803649632006,1.0
Los Angeles Chargers,sdg,Atlanta Falcons,atl,9,-0.0021939447125932654,2.1544537077665638,-0.790258885476086,-0.18824045634050024,128.43154892496707,19.736726634488814,13.885256691531373,0.752961825362001,120.90127248793328,-0.04475647213690159,2.2514260640631854,-9.11101360245722,-0.17727073277753402,-53.575471698113205,-16.406976744186068,-0.5965335673541028,74.85607722685387,-0.2992540587977184,-1.207108380868803,-7.530276437033787,-0.0878881987577641,-0.07707321045630988,1.0
Miami Dolphins,mia,Chicago Bears,chi,9,0.20215311004784686,3.688140806561858,-1.393198906356801,0.23376623376623373,163.91473000683527,15.169514695830486,11.947710184552289,0.907723855092276,156.1402939166097,1.776657552973342,2.3796992481203,-14.003246753246756,-0.3808954203691046,-103.30228981544771,13.82228298017776,-1.724538619275461,60.61244019138752,-0.2289815447710184,10.937286397812713,-7.774436090225564,0.06427829698857734,0.023421509502923987,1.0
Carolina Panthers,car,Cincinnati Bengals,cin,9,-0.3361391694725028,-7.506734006734009,0.654882154882155,-0.19248035914702577,-113.33557800224466,-10.63355780022447,-10.881032547699213,-1.2811447811447814,-118.55050505050508,0.6683501683501687,2.881032547699217,-0.4410774410774394,0.29180695847362514,38.25869809203144,-409.61784511784526,-0.9523007856341192,-75.07687991021322,-0.3136924803591471,14.479236812570143,-5.214927048260382,0.2587486744432662,-0.22657370056723575,0.0
Green Bay Packers,gnb,Detroit Lions,det,9,0.02459445316588174,-1.4589220303506032,0.9178440607012033,-0.5347985347985348,-44.05389848246989,2.19047619047619,1.7660910518053363,-0.2543171114599687,-40.57823129251699,0.3236525379382522,-8.209314495028785,-4.30376766091052,-1.0243328100470956,-40.53610675039245,50.93589743589746,0.34746206174777594,-84.59000523286238,-0.5612244897959183,-6.799581371009943,3.4756671899529046,-0.28761682242990655,-0.036612414421204664,0.0
Las Vegas Raiders,rai,Jacksonville Jaguars,jax,9,0.007856341189674543,-2.6857463524130196,-0.05723905723905731,-0.03928170594837266,10.338945005611691,3.3815937149270496,2.02132435465769,-0.014590347923681302,15.767676767676761,-0.01907968574635266,5.053872053872052,-8.342312008978674,-0.4814814814814815,-49.956228956228955,-98.13916947250277,0.9371492704826039,-39.61728395061732,-0.5723905723905723,0.1986531986531972,5.428731762065096,0.39099264705882353,-0.06461384938878789,0.0
Indianapolis Colts,clt,New England Patriots,nwe,9,-0.11904761904761907,0.7873015873015881,1.4317460317460318,0.14920634920634912,20.804761904761904,10.014285714285712,6.571428571428573,0.12380952380952359,34.89206349206347,-0.49523809523809526,1.1492063492063487,-6.534920634920635,-0.996825396825397,-42.34761904761905,-37.136507936507996,1.4031746031746035,-21.542857142857144,0.19047619047619047,-1.3253968253968225,14.087301587301587,-0.12939958592132506,-0.009997653322975586,0.0
Buffalo Bills,buf,New York Jets,nyj,9,0.13393085787451986,5.871959026888607,0.8914212548015363,0.1167733674775927,99.67912932138282,2.287323943661967,5.403585147247117,1.4379001280409733,90.45582586427653,-0.9838668373879642,-8.6,-0.47426376440461127,-0.3372599231754161,12.963892445582587,97.04814340588996,-0.6248399487836107,112.64302176696543,0.7574903969270166,-32.21126760563381,-9.223303457106276,0.1748960028938325,0.2680853125908604,0.0
Minnesota Vikings,min,Washington Commanders,was,9,0.5255376344086022,4.460573476702507,-0.24238351254480295,-0.5044802867383513,31.289426523297465,0.7284946236559193,2.4538530465949826,-0.0049283154121864126,27.756272401433677,-0.9847670250896057,-0.22535842293907038,-0.3799283154121831,1.2025089605734767,3.7867383512544848,-89.68817204301058,-1.2343189964157708,35.07616487455198,-0.360215053763441,-16.202956989247312,-3.5331541218637987,0.27357320099255583,0.06730416554086244,1.0
Seattle Seahawks,sea,Arizona Cardinals,crd,9,0.08041958041958042,-1.6363636363636367,-0.5157342657342658,-0.21153846153846156,12.06993006993008,-8.812937062937063,-4.3513986013986035,0.30419580419580416,8.70104895104896,2.7482517482517483,2.0227272727272734,-1.1660839160839132,0.3374125874125874,33.55594405594407,-201.78321678321663,-0.48951048951048914,45.625874125874134,0.42832167832167845,24.033216783216787,-3.36888111888112,-0.14268670961584345,0.10275128636281894,1.0
Los Angeles Rams,ram,Tampa Bay Buccaneers,tam,9,0.07857142857142857,0.47142857142857153,-0.1261904761904762,1.7047619047619047,-45.292857142857144,-6.407142857142858,-0.7095238095238088,0.38809523809523816,-31.069047619047637,-1.1380952380952385,5.450000000000003,0.6428571428571423,0.36190476190476184,8.930952380952377,155.46190476190463,2.1928571428571426,-36.361904761904725,1.5642857142857145,-9.352380952380955,14.223809523809525,0.11792101341281663,0.16851151565825484,0.0
Tennessee Titans,oti,Kansas City Chiefs,kan,9,0.23863636363636365,-3.683712121212121,-0.7064393939393939,-0.17045454545454541,-129.9810606060606,-14.460227272727273,-8.84090909090909,-1.272727272727273,-119.14962121212122,0.32954545454545414,-5.7935606060606055,9.676136363636363,0.41856060606060597,50.28219696969698,102.69696969696952,1.384469696969697,-79.69886363636363,-0.19128787878787878,-0.5094696969697026,10.831439393939394,0.04176904176904184,-0.02376020830867559,0.0
Baltimore Ravens,rav,New Orleans Saints,nor,9,0.31459968602825744,0.3990580847723706,-0.8276295133437991,-0.6040816326530613,-59.601569858712736,-5.984615384615385,-4.069544740973313,0.3167974882260598,-60.98602825745684,-2.330926216640502,-2.1036106750392456,2.9569858712715877,-0.12260596546310831,41.15604395604396,104.7478806907377,0.3640502354788069,-18.44552590266875,-1.1786499215070645,-13.522762951334379,-1.3844583987441137,-0.06944444444444442,0.00398506404423743,1.0
Atlanta Falcons,atl,Carolina Panthers,car,10,0.14128728414442698,4.4662480376766105,0.0894819466248038,-0.12401883830455263,-30.922291993720563,-6.332810047095762,-2.490580847723704,-0.08163265306122436,-32.5039246467818,-1.2574568288854007,1.3469387755102034,9.957613814756673,0.2009419152276295,50.64285714285715,278.1860282574569,-0.17660910518053363,19.720565149136576,0.14285714285714302,-16.006279434850867,-1.5816326530612237,0.12276214833759591,0.16131399493465304,0.0
Seattle Seahawks,sea,Tampa Bay Buccaneers,tam,10,0.18154761904761907,1.9573412698412689,0.3134920634920635,0.5099206349206349,-26.106150793650812,-13.274801587301585,-5.30456349206349,0.8928571428571429,-21.621031746031747,3.37797619047619,11.266865079365079,5.544642857142858,0.9940476190476191,91.70634920634919,41.36805555555566,0.4751984126984128,65.60019841269843,0.7559523809523809,20.48412698412698,4.485119047619049,-0.07906843013225989,0.14031949937525168,0.0
Minnesota Vikings,min,Buffalo Bills,buf,10,0.28015659407878635,-0.6422804012723269,-1.2253486665035478,-0.6072914117934914,-77.1169562025936,-1.8749694152189846,-1.0934670907756292,-0.9439686811842427,-69.82750183508682,-0.06826523122094486,8.180817225348665,2.2657205774406677,0.8071935404942501,-13.509175434303884,7.570834352826068,0.055297284071446295,-90.62613163689747,-1.392219231710301,6.001957425984834,7.289454367506728,0.00885225885225882,-0.1963505764143076,1.0
Detroit Lions,det,Chicago Bears,chi,10,-0.053814002089864144,2.735762800417973,-0.8637669801462905,0.1686259143155695,117.28396029258096,12.893939393939391,9.283307210031346,0.6234326018808778,109.40033960292581,1.2631922675026122,5.2686781609195386,-9.732366771159871,0.09247648902821326,-57.906347962382455,-106.9260710553815,-1.992032392894462,59.37761233019853,0.05054858934169282,3.3874085684430497,-7.883620689655173,-0.038392141138732905,-0.03148977604673808,1.0
Jacksonville Jaguars,jax,Kansas City Chiefs,kan,10,-0.3488031265266243,1.3473375671714685,-0.2782120175867122,0.1875915974596971,-65.21739130434781,-3.8463605276013695,-2.8649242794333176,-1.0937957987298486,-63.844894968246194,0.12603810454323394,-3.3981436248168038,7.497557401074744,0.48558866634098696,58.752076209086454,119.41133365901328,0.06497313141182204,-6.46531509526136,0.394723986321446,-3.8321934538348827,1.3724963361016123,-0.22826398852223817,0.023237340025799802,0.0
Cleveland Browns,cle,Miami Dolphins,mia,10,-0.2873563218390805,1.8932146829810925,0.19836855765665562,-0.1531331108639229,-82.1757508342603,-2.083055246570261,-2.845012977382275,-1.0989988876529475,-85.0203930292918,0.07601038190582088,0.1230997404523535,10.930663700407859,1.0185391175380052,85.91138301816834,196.72339636633296,-0.15684093437152402,3.7356321839080238,0.11642565813867245,0.8060808305524674,-2.8446421950315166,0.20361295681063124,-0.015564046652129515,0.0
Houston Texans,htx,New York Giants,nyg,10,-0.7487179487179487,-4.343333333333334,0.010000000000000009,0.8999999999999999,20.883333333333326,3.793333333333333,1.240000000000002,0.5633333333333334,26.45333333333332,-1.5600000000000005,3.9733333333333363,-9.706666666666667,-0.9866666666666666,-52.44,-195.43000000000006,0.05666666666666664,-31.556666666666672,0.6,-18.156666666666666,5.57,0.1661331626120358,-0.12694895237589732,0.0
Denver Broncos,den,Tennessee Titans,oti,10,-0.40249999999999997,1.0391666666666666,0.30166666666666675,0.8275,88.65916666666666,13.305,4.9208333333333325,-0.39749999999999996,89.91,2.831666666666666,-2.0375000000000014,-3.710000000000001,-0.36749999999999994,-29.620833333333323,16.83416666666676,0.585,59.0383333333333,0.49250000000000005,15.362499999999997,1.2508333333333326,-0.02564102564102566,-0.1605736636245111,0.0
New Orleans Saints,nor,Pittsburgh Steelers,pit,10,0.10019110019110017,2.1833196833196844,0.21758121758121773,0.3236418236418236,53.496587496587466,-1.3038493038493044,-0.24460824460824426,1.1865956865956866,52.51624351624349,1.2147147147147148,-0.6648921648921622,3.8057603057603053,0.4591864591864593,40.72440622440621,62.534125034125054,-0.4088179088179089,94.22099372099376,0.6380016380016378,21.308080808080803,-0.9803439803439797,-0.008766803039158333,0.09915776516225172,0.0
Indianapolis Colts,clt,Las Vegas Raiders,rai,10,0.2646481637230165,0.07568518984158956,1.4629117425194869,0.5926577822479256,7.416897158662323,2.4035705305506667,3.7281870756851916,-0.22051797837566012,22.13251194367615,-0.1797837566004521,-4.823485038974102,3.196882071913503,-0.2685441287402565,-10.3243650993211,148.1244656776464,1.6519989942167466,-2.907467940658762,1.0010057832537087,-1.4895649987427717,14.715614785013829,-0.44596474953617804,0.03773641911897996,1.0
Dallas Cowboys,dal,Green Bay Packers,gnb,10,0.7459535538353272,-0.39338494018297254,-1.3233638282899367,-0.29873328641801544,-18.199155524278666,-11.144968332160449,-6.321252638986628,-0.11224489795918369,-24.60942997888813,-0.7195636875439835,-6.693173821252637,6.942294159042927,1.4665728360309642,30.287473610133702,-228.1636171710063,-0.6435608726249122,12.088318085855008,-0.5035186488388459,-5.268472906403943,-6.41027445460943,0.38067150635208713,0.0626912704905615,0.0
Arizona Cardinals,crd,Los Angeles Rams,ram,10,0.010714285714285676,2.712301587301585,0.875,-0.9615079365079365,4.79007936507935,2.7015873015872955,0.6404761904761926,0.24206349206349187,-0.37023809523807927,2.5234126984126988,5.053968253968254,4.738095238095241,0.19960317460317456,48.52142857142857,46.04166666666674,-1.0900793650793652,53.31150793650795,-1.0845238095238097,10.45357142857143,-5.1603174603174615,-0.07322404371584679,-0.12335105910423522,1.0
Los Angeles Chargers,sdg,San Francisco 49ers,sfo,10,0.2458333333333333,0.79326923076923,-0.8503205128205129,-0.37916666666666665,52.897115384615404,10.167307692307695,8.156410256410254,0.45128205128205146,50.317628205128216,-2.1067307692307695,6.109615384615385,-3.293589743589745,0.09423076923076923,-20.155448717948715,-70.52435897435907,-0.47115384615384626,32.741666666666674,-0.6785256410256411,-12.914743589743587,-2.579487179487179,0.3691760138050042,-0.05379432624113473,0.0
Washington Commanders,was,Philadelphia Eagles,phi,10,-0.5714285714285714,-4.805439843175691,0.1203136486155354,0.8042146532712571,-33.27885322224944,6.469737809360449,2.6255819652046064,0.08796863513844633,-29.14334721881889,0.3077677039941191,2.345258515069837,-8.245037980887037,-1.763538348444009,-43.861308502817934,30.815486400392047,0.6831658907130609,-77.14016172506734,0.7407498162215144,14.579514824797847,4.1355060034305335,-0.43823845327604727,-0.11487687627962984,1.0
Tennessee Titans,oti,Green Bay Packers,gnb,11,0.6338426711941143,-2.8726655348047565,-1.1859083191850592,-0.3455008488964346,-70.97962648556876,-13.890209394453876,-8.553197509903793,-0.5090548953027729,-69.55744199207697,-0.263440860215054,-6.578381437464628,7.098471986417657,0.7770232031692135,26.247028862478786,-87.4767968307865,0.30249009620826284,-44.73259762308999,-0.46434634974533107,2.6199773627617446,1.4221844934917947,0.3583333333333334,-0.007215409389322469,1.0
Chicago Bears,chi,Atlanta Falcons,atl,11,-0.11002886002886003,-1.4502164502164518,0.40043290043290036,0.04635642135642137,-25.170364357864344,-1.8349567099567103,-1.8795995670995662,0.1446608946608947,-20.49476911976913,0.924963924963925,0.05753968253968367,2.7842712842712842,0.06222943722943741,38.568813131313135,-0.6806457431457602,1.2322330447330447,13.398448773448763,0.10353535353535359,15.124278499278503,4.675595238095239,0.13445378151260506,0.003481853089147058,0.0
Cleveland Browns,cle,Buffalo Bills,buf,11,-0.28511952726296,-1.9204942250872925,-0.964679022293849,-0.6034112275047004,-109.16492076282569,-6.9386247649744845,-5.945474080042974,-1.3464947622884769,-107.72455009401023,0.8147998925597628,10.932178350792373,8.373892022562455,0.6529680365296804,33.18546870803115,92.15135643298413,-0.1587429492344885,-75.97945205479454,-1.2225355895782968,9.597770615095357,1.440370668815472,0.09128205128205136,-0.1992945728540882,0.0
Philadelphia Eagles,phi,Indianapolis Colts,clt,11,0.4923510466988728,4.3322440087146,-1.565359477124183,-0.9814814814814816,5.264705882352928,-9.419389978213509,-6.655773420479303,0.44989106753812647,-8.523965141612223,0.13507625272331136,-0.1764705882352935,10.724400871459693,1.9063180827886708,64.48910675381264,-19.655773420479363,-1.212418300653595,69.75381263616555,-1.4008714596949892,-2.389978213507625,-13.788671023965142,0.5198711063372717,0.09354000581759381,1.0
Washington Commanders,was,Houston Texans,htx,11,0.2715138742536003,1.546030274945938,-0.021779425393883223,-0.14612295335186898,11.09360518999074,4.761662032746372,2.6158480074142716,0.32391102873030575,12.399443929564399,0.6852023478529503,-0.8211306765523609,2.2951807228915655,0.10472659870250228,3.3097003398208216,143.98316342292264,0.8506333024405315,14.403305529811519,-0.17068273092369468,18.352332406549273,1.3058387395736801,-0.1939109403898136,0.04969318192562616,1.0
Los Angeles Rams,ram,New Orleans Saints,nor,11,0.051190476190476175,-1.6029761904761912,-0.5565476190476191,0.33571428571428563,-39.78035714285713,0.7226190476190482,2.399404761904762,-0.5154761904761906,-27.53452380952382,-3.298809523809523,-1.2053571428571423,-4.588095238095239,-0.28988095238095235,-58.96428571428571,9.320238095237983,1.761309523809524,-98.74464285714282,-0.0803571428571428,-25.45833333333333,12.245833333333332,0.18025258323765797,0.04112771808321031,0.0
New York Jets,nyj,New England Patriots,nwe,11,0.018181818181818188,-0.05194805194805241,-0.17662337662337668,-0.15454545454545454,9.12207792207792,6.5337662337662366,0.5987012987013003,0.3220779220779222,12.181818181818187,0.03506493506493502,4.002597402597402,-5.142857142857146,-0.13116883116883127,-7.202597402597391,-183.47402597402584,-0.03246753246753231,1.919480519480544,-0.28701298701298716,18.012987012987004,3.059740259740259,0.14080574391703238,-0.045583724378897794,0.0
Detroit Lions,det,New York Giants,nyg,11,-0.5942376950780313,0.12154861944777906,0.15156062424969985,0.5390156062424971,77.16056422569028,7.782112845138055,3.8961584633853548,0.8976590636254502,77.03421368547416,-0.7767106842737093,11.507202881152462,-8.890156062424968,-0.1770708283313327,-32.029411764705884,-244.53031212485007,-0.6035414165666269,45.131152460984424,0.6974789915966387,-6.126350540216087,-0.1263505402160856,0.11176580621025062,-0.04461676269423759,1.0
Carolina Panthers,car,Baltimore Ravens,rav,11,-0.2666666666666666,-5.804329004329004,0.47878787878787876,0.04718614718614711,-25.923809523809524,-2.7987012987012996,-3.8004329004329005,-1.0852813852813852,-23.366666666666674,1.1779220779220774,-0.9779220779220772,-2.146320346320344,0.18658008658008662,-41.841125541125564,-294.6567099567101,-0.3350649350649353,-67.76493506493506,0.020779220779220786,5.534632034632033,2.557142857142857,0.09885620915032672,-0.12397189789775848,0.0
Las Vegas Raiders,rai,Denver Broncos,den,11,-0.20790513833992097,1.1268774703557334,-0.3343873517786562,-0.5984189723320158,-2.81304347826088,1.4565217391304373,3.4213438735177846,0.7513833992094863,-9.840316205533611,-2.4083003952569175,9.386561264822134,-7.030434782608694,-0.12213438735177862,-15.961264822134396,-96.76837944664021,-1.208300395256917,-18.774308300395262,-0.44664031620553357,-12.011857707509883,-7.027272727272727,0.04535922330097086,0.1186611797492736,1.0
Dallas Cowboys,dal,Minnesota Vikings,min,11,-0.13828516837831384,-3.780988774779079,-0.2577024122283258,-0.20587532839742062,-47.01958442799142,-10.828516837831383,-7.283018867924529,0.0031048483401003857,-54.574635777406286,0.6825889658466684,-5.739909242894676,4.067590160019105,-0.060902794363506096,18.350847862431323,-225.47981848578934,-0.9395748746118939,-28.668736565560096,-0.15094339622641506,0.14712204442321308,-7.555051349414857,0.014688940092165925,0.007845144804833948,1.0
Cincinnati Bengals,cin,Pittsburgh Steelers,pit,11,0.42368421052631583,4.487500000000001,-0.46842105263157907,-0.14144736842105265,88.21184210526317,1.4973684210526272,3.5907894736842074,1.6072368421052632,92.29736842105265,-1.0532894736842104,-6.342763157894737,3.3664473684210527,0.5907894736842106,5.04276315789474,270.47302631578964,0.5361842105263159,93.25460526315794,-0.3342105263157893,-6.026973684210525,4.085526315789473,-0.3288749016522423,0.18359735752375844,1.0
Kansas City Chiefs,kan,Los Angeles Chargers,sdg,11,0.13219616204690832,1.1876332622601282,0.9352345415778252,0.030916844349680228,9.5543710021322,-4.759328358208954,-3.193763326226012,0.7745202558635393,11.834488272921078,-0.002132196162047073,-4.329957356076761,-2.1543176972281444,-0.3331556503198295,-1.574360341151376,-60.50692963752658,-0.17324093816631114,7.980010660980781,0.3033049040511726,3.1878997867803847,2.280117270788913,0.11497326203208569,0.05890671706813583,1.0
San Francisco 49ers,sfo,Arizona Cardinals,crd,11,-0.0606779661016949,-0.6016949152542388,-0.30135593220338985,0.31288135593220334,7.072881355932196,-6.802711864406781,-5.981694915254238,-0.16067796610169482,-6.266779661016955,-0.07220338983050834,-8.805423728813562,2.8522033898305104,-0.04610169491525418,13.596271186440674,34.21220338983039,-1.094915254237288,20.6691525423729,0.8077966101694916,-0.06440677966102015,-13.339661016949151,-0.30853174603174593,0.11504648846089993,1.0
Buffalo Bills,buf,Detroit Lions,det,12,0.2565826330532213,2.8453781512605048,0.7389355742296919,0.3871148459383753,62.28347338935575,5.2425770308123205,4.2694677871148485,0.458263305322129,61.121008403361344,0.24649859943977592,-11.563585434173671,-2.7142857142857153,-0.4072829131652662,1.960784313725469,77.22633053221284,0.41624649859943963,64.24425770308125,0.9529411764705882,1.5826330532212864,-1.162464985994399,0.04065843621399179,0.1597566028919437,1.0
New York Giants,nyg,Dallas Cowboys,dal,12,-0.0063157894736841635,1.8175438596491205,0.11649122807017553,-0.11789473684210522,-36.34456140350878,-1.3824561403508753,-0.6547368421052617,-0.6638596491228069,-32.188771929824554,0.4729824561403504,3.4435087719298263,4.943157894736846,-0.18245614035087732,23.620350877192976,279.5600000000002,0.9557894736842105,-12.724210526315801,0.023859649122807025,7.999298245614035,4.1557894736842105,-0.1667493796526054,-0.018946875573866262,0.0
New England Patriots,nwe,Minnesota Vikings,min,12,-0.24745134383688605,-4.831325301204821,0.3092369477911645,0.18582020389249299,-33.155390793945,-9.072752548656162,-4.373957367933272,-0.5106580166821131,-34.6564720420142,0.8296261970960765,-8.19987642879209,4.349706518381215,-0.5639481000926783,5.565956132221189,115.6998764287921,0.11631139944392954,-27.58943466172377,0.5512820512820513,2.5931417979610742,-1.5010812480692017,-0.26488095238095244,-0.023837141411389207,0.0
Denver Broncos,den,Carolina Panthers,car,12,-0.02837837837837842,2.7603603603603606,0.0436936936936938,0.354954954954955,55.2563063063063,8.168918918918923,4.30990990990991,-0.37027027027027026,62.89954954954953,1.9238738738738732,-6.16936936936937,0.44099099099098993,-0.37477477477477483,-20.574774774774767,196.07792792792793,1.314864864864865,34.681531531531505,0.06756756756756754,3.572072072072075,7.6432432432432424,0.07599999999999996,-0.08505199052747334,0.0
Tampa Bay Buccaneers,tam,Cleveland Browns,cle,12,0.2149122807017544,-3.114035087719298,-0.26754385964912275,-0.21929824561403516,45.41666666666666,7.372807017543863,4.938596491228072,-0.10526315789473695,43.442982456140356,-1.1008771929824563,-9.307017543859647,-6.921052631578949,-1.0043859649122806,-79.78508771929826,-164.1622807017543,-0.4736842105263157,-34.36842105263156,-0.39912280701754377,-1.8201754385964932,-1.973684210526315,-0.12001798022175614,-0.0171652272659355,0.0
Baltimore Ravens,rav,Jacksonville Jaguars,jax,12,0.4217171717171717,-1.0252525252525224,-0.2979797979797979,-0.051767676767676796,-16.27525252525251,-4.493686868686865,-2.882575757575758,0.6906565656565655,-15.390151515151501,-0.23611111111111072,1.9002525252525224,1.8308080808080796,-0.11489898989898983,26.720959595959584,78.13257575757575,0.7196969696969695,10.445707070707044,-0.32070707070707083,10.19318181818182,0.8851010101010104,-0.03786549707602338,0.011896112190509955,0.0
Houston Texans,htx,Miami Dolphins,mia,12,-0.5116716867469879,-4.922379032258064,0.164986559139785,0.4233870967741936,-106.81350806451616,-3.4277553763440842,-4.102486559139788,-1.006720430107527,-98.2738575268817,-1.262432795698925,-2.605174731182796,0.37466397849462396,-0.33870967741935487,5.109206989247312,-52.4032258064517,0.8981854838709675,-101.7043010752688,0.32526881720430123,-13.282930107526887,8.53965053763441,0.2539154539154539,-0.1431148832780641,0.0
Chicago Bears,chi,New York Jets,nyj,12,-0.361764705882353,0.9981092436974812,0.6092436974789917,-0.011869747899159622,-81.06218487394958,-14.161659663865546,-7.65892857142857,0.06218487394957983,-78.2454831932773,-0.37300420168067294,5.648004201680671,12.411239495798323,0.3205882352941176,89.55871848739494,136.20378151260525,1.178361344537815,8.496533613445422,0.006617647058823506,-9.698319327731092,2.8167016806722707,-0.10353866317169064,0.11008768742581693,0.0
Cincinnati Bengals,cin,Tennessee Titans,oti,12,-0.15314672847209843,6.232840078445356,0.12979140666785516,0.2708147619896594,109.26867534319845,13.594045284364412,9.8215368158317,0.7504011410233551,110.98199322517382,-0.5041896951328226,2.9361740060616874,-3.289356391513639,0.23765377072561966,-20.629167409520406,259.9536459261901,0.6983419504367983,88.63950793367798,0.22802638616509197,-6.489392048493492,1.7133178819753994,-0.31894934333958724,0.11365425290995507,1.0
Atlanta Falcons,atl,Washington Commanders,was,12,-0.043999999999999984,0.2375454545454545,0.38990909090909076,-0.2716363636363637,-51.7021818181818,-12.13718181818182,-7.275545454545453,-0.2377272727272728,-55.169636363636386,-1.6876363636363632,4.512181818181816,5.28590909090909,0.48909090909090913,46.150272727272736,-143.57918181818172,-0.8071818181818182,-5.551909090909078,0.2939090909090909,-20.564999999999998,-3.4674545454545473,0.008928571428571397,0.07021913820066683,0.0
Los Angeles Chargers,sdg,Arizona Cardinals,crd,12,0.13188405797101443,-0.08115942028985401,-1.0985507246376813,-0.02681159420289858,55.83623188405798,2.9326086956521706,1.7898550724637659,0.35144927536231885,40.51159420289852,-2.2043478260869565,-2.697826086956521,-1.033333333333335,-0.024637681159420333,-8.345652173913052,-58.38333333333321,-1.3811594202898552,47.490579710144914,0.16594202898550736,-14.34057971014493,-15.32463768115942,0.036114570361145626,0.05792783505154642,1.0
Las Vegas Raiders,rai,Seattle Seahawks,sea,12,-0.18772099003535841,-1.1317904210864675,-0.3339762134361941,0.08357441337190613,-7.837351333976187,6.264223722275798,0.7569913211186119,-0.3719061395049823,-12.253294760527183,-1.6968820315011257,-4.386370941819351,-2.733526197364192,-0.5525554484088718,-32.61009321761492,128.0575377692062,-0.10543233686917386,-40.447444551591104,-0.5499839279974286,-9.8129218900675,-4.415943426550946,-0.013561411619663954,-0.07070582061918945,1.0
Los Angeles Rams,ram,Kansas City Chiefs,kan,12,-0.40834845735027225,-3.8917120387174826,-0.8121597096188747,0.7126436781609194,-78.64186327888686,-2.346339987900791,-0.7940108892921991,-1.2183908045977014,-58.674228675136135,-0.1282516636418629,2.977616454930427,-0.21324863883847556,0.02782819116757418,-24.921052631578945,58.41197822141544,2.7725347852389595,-103.56291591046579,0.35753176043557167,0.7631578947368425,19.967634603750756,-0.09411764705882364,-0.020793530901497326,0.0
New Orleans Saints,nor,San Francisco 49ers,sfo,12,-0.014963880288957676,-0.4747162022703826,-0.057791537667698734,0.22755417956656354,24.68421052631581,2.9927760577915343,2.8384932920536627,0.49122807017543857,32.81114551083593,0.3648090815273477,5.514447884416924,-3.2089783281733766,0.01702786377708987,-4.910216718266241,-91.83384932920535,0.5980392156862744,19.77399380804951,0.2678018575851393,9.987100103199175,8.126934984520123,0.20757020757020755,-0.04808456269191952,0.0
Green Bay Packers,gnb,Philadelphia Eagles,phi,12,-0.8004048582995952,-4.091497975708503,0.42004048582995956,0.3856275303643725,-5.877732793522256,8.752226720647773,4.242307692307691,0.24028340080971655,-5.929959514170065,0.3795546558704448,4.532793522267205,-11.458299595141696,-1.8356275303643723,-53.64311740890689,-19.48886639676107,-0.8216599190283398,-59.52085020242913,0.3273279352226721,1.5074898785425148,-0.05222672064777356,-0.5272449869224063,-0.05309347629492328,0.0
Pittsburgh Steelers,pit,Indianapolis Colts,clt,12,-0.14773657737747103,0.34886448448661866,-1.1228275935600809,-0.26996481501226155,-22.828020044780885,-1.6217080712229475,-2.843586736325836,-0.41038490244162484,-36.17859046806694,0.25493122934214707,6.096278920993708,0.4968546753385219,0.35515513380957464,10.523936453779726,-72.86981554536737,-1.1780573621921318,-12.304083591001188,-0.44706258662970466,-5.042968333511034,-13.350570423286063,0.3294151376146789,-0.02041521108751737,1.0
Las Vegas Raiders,rai,Los Angeles Rams,ram,14,0.08727548697192006,1.829749557298257,0.030609663546673382,-0.7718188717429799,42.703516316721476,3.452567670123962,0.4525676701239547,0.39919048823678227,28.52643561851758,1.8694662281811283,-0.4766000505944845,-1.1009359979762223,-0.023526435618517638,22.33088793321528,31.906653174803978,-1.8269668606121934,65.03440424993676,-0.860865165696939,11.551226916266131,-14.177080698203895,-0.03158236583583662,-0.0729198154081776,0.0
New York Jets,nyj,Buffalo Bills,buf,14,-0.15484084880636606,-6.142572944297079,-0.39986737400530514,-0.12334217506631295,-47.14489389920425,-0.9751326259946964,-3.3302387267904514,-0.817970822281167,-41.25928381962868,-0.2844827586206895,2.099801061007959,-2.170755968169761,-0.06631299734748008,-26.33919098143238,-140.4038461538462,0.047745358090185874,-73.4840848806366,-0.585212201591512,8.44794429708223,5.8856100795755975,-0.029047619047619044,-0.22886313125077162,0.0
Cleveland Browns,cle,Cincinnati Bengals,cin,14,-0.3750701852891634,-1.2866768268228128,0.29293334402823445,0.030560680195716672,-81.35750381005857,-4.364241597818243,-5.256276570145182,-1.04780620839015,-86.44373145103071,0.8088553781984444,6.455362156092082,4.3949627015320445,0.18528916339135315,53.258362075880314,-82.41325098259404,-0.9704018609128098,-28.099141734178204,0.335926846875752,7.005775246651162,-5.086227640972169,0.35696273465956857,-0.12766425877847876,0.0
Houston Texans,htx,Dallas Cowboys,dal,14,-0.7765072765072765,-4.53579895685159,0.5542911332385015,0.5488383119962067,-36.60478899952585,3.7837837837837824,0.6901375059269803,-0.5791844476055001,-22.738501659554288,-2.4985775248933138,6.863916548127072,-9.609293504030347,-1.2925557136083452,-51.88975817923186,-29.19250829777161,1.6078710289236606,-88.49454717875773,0.7577050734945472,-17.481744902797537,13.86628733997155,0.2408216783216784,-0.2341141888394489,0.0
Minnesota Vikings,min,Detroit Lions,det,14,0.5547747874358795,0.3890099079474396,-0.4687653713723561,0.12402501581055436,2.398917855386145,4.355069917785123,3.4745274400955672,-0.12367367015670006,8.658000140538263,0.062188180732204223,-3.7782306232871896,-2.5217482959735804,0.008853910477127469,-20.147424636357243,80.24081231115179,0.6465462722226127,-17.74850678097107,-0.2814278687372638,1.4796570866418364,6.259082285152134,0.08819221452312542,0.011395578080684088,0.0
Philadelphia Eagles,phi,New York Giants,nyg,14,0.27555555555555555,1.9773737373737355,0.44686868686868697,-0.1494949494949495,56.79151515151514,1.2096969696969673,1.008080808080809,0.7042424242424242,57.114747474747475,0.058989898989898926,-2.284040404040404,0.8856565656565678,0.7131313131313133,2.798787878787863,-10.74101010101026,0.0210101010101007,59.590303030303005,-0.04040404040404044,-5.61454545454545,0.32323232323232176,0.44068278805120914,0.04142845476953666,1.0
Jacksonville Jaguars,jax,Tennessee Titans,oti,14,-0.4126625211984172,4.285848878839268,0.4283964575089505,0.18136423591482953,31.01667608818542,9.174392312040702,5.494629734313172,0.06510269455436224,25.05652911249294,-0.3095911060863008,4.107499528924063,-2.614659883173168,0.05436216318070475,12.883173167514599,15.267571132466628,-0.7322404371584699,43.89984925570002,0.5250612398718673,-8.458451102317696,-5.960146975692481,0.013023659648361163,-0.00874600398093972,1.0
Baltimore Ravens,rav,Pittsburgh Steelers,pit,14,0.23537414965986392,1.7210884353741491,-0.2532879818594105,-0.007709750566893381,1.4043083900226918,-4.619501133786848,-2.2031746031746025,1.0321995464852607,-1.4126984126984041,-1.129931972789116,-2.6160997732426274,4.10249433106576,0.3154195011337869,54.16802721088436,117.47482993197264,0.08095238095238111,55.572335600907024,0.03492063492063502,5.459410430839007,-2.817006802721089,-0.03125,0.06173123564059352,1.0
Kansas City Chiefs,kan,Denver Broncos,den,14,0.434469696969697,5.579545454545453,0.2837121212121212,-0.19393939393939397,77.76893939393938,2.624242424242425,4.723484848484848,1.7761363636363638,64.78409090909093,-2.742045454545454,4.820833333333333,-2.71590909090909,0.14696969696969697,0.275378787878779,-5.231439393939581,-2.2196969696969697,78.0443181818182,0.19393939393939408,-16.868939393939392,-12.984848484848484,0.2240235814296242,0.2370331018606357,1.0
Carolina Panthers,car,Seattle Seahawks,sea,14,-0.014784946236559127,-5.139784946236558,0.2123655913978495,0.12320788530465954,-81.92114695340504,-5.676075268817208,-7.8947132616487465,-0.9731182795698925,-88.0864695340502,-1.423387096774194,-7.836917562724015,5.694444444444443,0.04121863799283143,14.379032258064512,39.18862007168468,-0.5470430107526882,-67.5421146953405,-0.3140681003584229,-4.232974910394269,-6.165322580645162,-0.03790570954750061,-0.11436985687103851,1.0
Tampa Bay Buccaneers,tam,San Francisco 49ers,sfo,14,-0.04760997905160924,-1.3361264521043594,-0.7495715101885355,-0.5555132355741763,32.891830127594744,8.944201104551517,5.988764044943821,-0.18187011997714708,34.080556084555326,-0.8402209103027998,0.6892020567510961,-5.496286421633975,-0.3808798324128737,-47.485812226242615,-171.96476861550195,-0.2064368691677776,-14.59398209864787,-0.8065130451342603,-0.8228908779280175,1.1887259569605781,0.2150704561738715,-0.08042237129313745,0.0
Miami Dolphins,mia,Los Angeles Chargers,sdg,14,0.08073458073458084,0.5821205821205808,-0.06098406098406095,0.26853776853776845,14.812196812196817,-6.826056826056828,-5.013513513513512,0.18468468468468457,21.68191268191265,1.4656964656964657,-1.2051282051282044,-1.4119889119889102,-0.022522522522522515,-11.840263340263334,-23.847886347886288,0.5135135135135134,2.9719334719334825,0.18156618156618176,12.260914760914758,6.86971586971587,-0.1183826429980277,-0.0035900834344206323,0.0
New England Patriots,nwe,Arizona Cardinals,crd,14,0.1107335032568677,-3.661285754743698,-0.40470121778532997,-0.03695836873406966,12.349476069102252,-5.795666949872555,-3.227980741999435,-0.3949306145567828,9.549419427924107,-0.27442650807136815,-9.526054941942792,-1.804304729538373,-0.21268762390257723,-18.695412064570945,-65.29439252336442,-0.022090059473236945,-6.345935995468722,0.0853865760407817,2.6468422543188836,-2.8000566411781342,-0.13530437539632206,-0.005369133316625863,1.0
San Francisco 49ers,sfo,Seattle Seahawks,sea,15,0.06578947368421051,0.4049235993208846,0.29796264855687604,0.24660441426146018,-27.982173174872656,0.04371816638370518,-2.2330220713073032,-0.5704584040747027,-38.596349745331054,-1.0428692699490663,-10.910016977928695,6.845500848896435,-0.09677419354838712,14.831918505942284,305.6218166383701,-0.8255517826825127,-13.150254668930359,0.09804753820033962,-8.079796264855688,-10.614176570458403,-0.3390693590869183,0.041769550457458615,1.0
Indianapolis Colts,clt,Minnesota Vikings,min,15,-0.4547820429407937,-3.887931034482758,1.5689655172413792,0.4655172413793104,-31.620689655172384,-0.4310344827586192,-0.24137931034482918,-0.6465517241379312,-20.603448275862092,0.9568965517241379,-4.27586206896552,-1.0344827586206904,-0.9827586206896552,-9.620689655172413,18.353448275862092,1.3448275862068968,-41.241379310344826,0.8620689655172413,8.422413793103452,11.017241379310345,-0.36004842615012106,-0.06660407538226792,0.0
Baltimore Ravens,rav,Cleveland Browns,cle,15,0.29138513513513514,-0.8209459459459474,0.13063063063063052,-0.06784909909909909,-16.163569819819827,-4.106981981981978,-1.8899211711711708,0.49436936936936937,-17.182150900900922,-1.360641891891892,-4.38231981981982,-0.6523085585585591,-0.3212274774774774,13.295608108108098,-13.294763513513544,0.41807432432432434,-2.8679617117117004,-0.16610360360360343,-5.742117117117118,-1.0185810810810807,-0.055276381909547756,0.050431137777431634,0.0
Miami Dolphins,mia,Buffalo Bills,buf,15,-0.11960730088495575,-1.9044524336283182,-0.5764657079646017,-0.03844026548672563,21.75490873893807,-1.739283738938056,-0.8068998893805315,0.0234375,25.94040376106193,0.3687085176991154,7.69966814159292,-4.325774336283185,-0.21135232300884954,-47.77357577433628,-95.04784292035401,-0.06519634955752229,-26.01866703539821,-0.48603429203539816,3.5934734513274336,4.185495022123893,-0.020000000000000073,-0.13194285372825149,0.0
Pittsburgh Steelers,pit,Carolina Panthers,car,15,-0.0859375,3.8545673076923066,-0.16526442307692313,0.18088942307692313,35.79927884615384,8.816105769230766,6.983173076923077,-0.3106971153846154,36.12019230769232,-0.27223557692307665,2.8461538461538467,-3.7331730769230766,-0.4326923076923077,-29.454927884615387,93.83112980769238,0.35516826923076916,6.344350961538453,0.1953125,-13.650240384615387,0.3209134615384617,-0.060299295774647876,0.07896458274927576,1.0
Philadelphia Eagles,phi,Chicago Bears,chi,15,0.7789965833483186,5.8785290415392915,-0.4347239705089012,-0.7601150872145297,92.0103398669304,8.231163459809387,7.048462506743391,0.5088113648624348,89.8097464484805,0.8736737996763173,-7.174968530839777,-1.9558532638014725,1.0142060780435174,-30.377180363244037,48.58703470598812,-0.4711382844812082,61.633159503686386,-0.8528142420427981,-5.851375651861176,-2.2005934184499196,0.2894108156743507,0.0048459941688513974,1.0
Kansas City Chiefs,kan,Houston Texans,htx,15,0.6130467012601928,5.830077237619264,0.20865515674693325,-0.5559972739663789,100.72330758746025,4.765561108587008,4.331440254429804,1.3197410268059973,88.69059518400726,-0.363925488414357,-2.16492503407542,-0.17616992276238008,0.115629259427533,12.75806451612904,2.687528396183552,-1.3610858700590638,113.48137210358931,-0.30747387551113126,7.106428895956384,-12.032712403452976,0.15067068732452937,0.18930101989694265,1.0
Dallas Cowboys,dal,Jacksonville Jaguars,jax,15,0.5559246954595791,0.04706533776301214,-0.1298449612403102,0.433001107419712,3.4377076411960275,-4.805094130675528,-3.0318383167220375,0.15337763012181638,-1.5296234772978892,1.187984496124031,-4.932447397563674,5.61323366555925,0.9102990033222591,16.919435215946848,-73.2954042081949,-0.7699335548172757,20.35714285714289,0.10326688815060892,6.483665559246958,-4.9673311184939095,-0.07289462547608971,0.10233705226071638,0.0
Atlanta Falcons,atl,New Orleans Saints,nor,15,0.026004179243092673,-0.6250290225214741,-0.2892964940794056,-0.4594845600185743,-97.92941722776877,-11.480612955653584,-8.601230554910613,-0.6342001393081029,-99.78836777339217,-2.8635941490596704,-0.5804504295333182,7.009519387044342,0.017877873229626196,40.00928720687253,-27.700835848618453,-0.16299048061295585,-57.92013002089624,-0.6768052008358485,-26.866496401207336,-1.8589505456234043,0.052941176470588214,-0.007279387631588419,0.0
Detroit Lions,det,New York Jets,nyj,15,-0.08924235065565811,3.975959203496842,-0.14448761534725607,-0.21005342399222926,17.084142787761067,-3.609154929577464,0.4448761534725598,0.6735065565808644,9.222680913064607,-0.6129188926663423,7.574186498300147,3.5397037396794566,0.446090335114133,17.720859640602228,7.801359883438636,-0.8050024283632831,34.80500242836325,-0.22353084021369596,-13.341306459446336,-7.861461874696456,0.10711974110032363,0.07056348259933926,1.0
Arizona Cardinals,crd,Denver Broncos,den,15,0.14100087796312555,4.0579455662862145,0.47339771729587365,-0.1840210711150132,9.550482879719056,3.1294117647058854,5.403863037752416,0.6595258999122037,7.799824407374899,-0.6446005267778752,10.787181738366986,0.9806848112379285,0.45250219490781385,11.823178226514486,108.40140474100076,-0.8147497805092185,21.373661106233556,-0.1873573309920984,-7.0230026338893765,-1.7506584723441634,0.002022723360302958,0.1258533156291495,0.0
New England Patriots,nwe,Las Vegas Raiders,rai,15,0.21759259259259262,-2.1018518518518547,0.6574074074074073,-0.25462962962962965,9.625,-1.675925925925931,1.4490740740740726,-0.2407407407407407,15.671296296296305,-0.22685185185185208,-4.3842592592592595,-0.6111111111111107,0.03240740740740733,-21.59722222222223,-24.986111111111086,0.9120370370370368,-11.972222222222229,0.01851851851851838,-8.226851851851855,6.046296296296296,-0.2532032893478676,-0.0020875857460507796,0.0
Tennessee Titans,oti,Los Angeles Chargers,sdg,15,0.08271276595744681,-4.14308510638298,0.05053191489361697,-0.1226063829787234,-87.82978723404256,-16.05744680851064,-10.911436170212767,-0.47207446808510634,-76.67127659574467,1.1372340425531915,-5.915957446808509,4.339095744680851,0.013563829787234027,17.295478723404244,-41.38484042553205,1.0409574468085108,-70.53430851063825,-0.04255319148936165,12.417819148936175,11.158510638297871,-0.1095953757225433,-0.0008130151618678805,0.0
Cincinnati Bengals,cin,Tampa Bay Buccaneers,tam,15,0.3810741687979539,4.044543904518328,-0.06052855924978684,0.28623188405797095,23.10315430520035,-5.02003410059676,-1.8840579710144922,0.9034526854219951,29.872762148337642,-0.567988064791134,-1.2973145780051176,3.903452685421996,0.8037084398976981,31.725916453537934,239.4641943734016,1.3049872122762147,54.82907075873828,0.1346973572037511,-9.296248934356349,6.769607843137255,-0.3182567295367149,0.13170514850934956,1.0
New York Giants,nyg,Washington Commanders,was,15,0.11621911922663797,1.2879223580158161,-0.07854061826024439,-0.5363946800862689,-18.821710999281095,-5.6226635514018675,-1.753414809489577,-0.4997304097771388,-20.50116822429908,0.490564342199856,2.88147016534867,2.4768152408339326,0.8271028037383177,19.274982027318472,-124.37122573687975,-0.025880661394679816,0.4532710280373635,-0.29987419122933134,-0.4423076923076934,-1.6794572250179733,-0.141965587634879,0.062124395064033666,1.0
Los Angeles Rams,ram,Green Bay Packers,gnb,15,0.09079670329670331,-0.5530219780219774,-0.6964285714285714,0.7054945054945054,-16.52609890109889,-2.7820054945054977,-0.3927197802197817,-0.4418956043956044,-4.202060439560427,-0.6998626373626378,0.23928571428571388,-0.2711538461538474,0.2664835164835165,-21.994642857142864,-52.97747252747263,2.1971153846153846,-38.52074175824174,0.7159340659340658,1.9166208791208774,12.324038461538462,0.44169150521609546,-0.000661321737554843,0.0
Jacksonville Jaguars,jax,New York Jets,nyj,16,-0.1046306115235065,2.962884411452812,-0.1433368681512901,-0.18911276069282434,-4.4029692470837745,-2.4346058677978064,1.4293036408624964,0.4298338635560268,-11.351360904913406,0.16878755744079132,3.635737009544009,1.8246730293389888,-0.05372923294450338,22.863202545068944,20.685401201837976,-0.7124425592082009,18.460233297985155,-0.027218098267939306,-11.597560975609753,-6.948391657829623,0.0742315238718117,0.046229354949461954,1.0
Detroit Lions,det,Carolina Panthers,car,16,0.04165867689357622,6.472962607861938,-0.20819750719079577,-0.074352828379674,78.18264621284757,8.64151486097795,7.570278044103549,0.8151006711409396,72.520230105465,-1.005608820709491,5.548418024928093,-0.21035474592521552,0.3002876318312562,0.2833652924256995,103.06188878235866,-0.57607861936721,78.46601150527323,0.09611697027804411,-10.579386385426659,-5.662416107382551,-0.04306444728979941,0.12154680414013641,0.0
Buffalo Bills,buf,Chicago Bears,chi,16,0.5941305942773294,6.447297627781854,-0.4497432134996331,-0.04783565663976519,129.53568109562238,15.349669845928101,10.576326730251896,0.9562240156517485,118.10584494986551,0.5815113719735878,-7.846906334067011,-7.654781120078262,-0.3057960381511372,-48.71513817559307,33.14340914649051,-1.1870383956957693,80.82054292002937,0.18923942284177064,-2.938028857911469,-11.42983614575691,0.05513108614232215,0.08985295741945798,1.0
New Orleans Saints,nor,Cleveland Browns,cle,16,-0.014991181657848296,-2.0405643738977055,0.6693121693121694,0.416225749559083,41.51146384479719,0.10493827160493652,1.1410934744268069,0.8059964726631395,44.22927689594354,0.9409171075837737,0.7028218694885382,-5.632275132275133,-0.34832451499118167,-30.457671957671963,-176.9664902998236,0.10846560846560838,11.053791887125215,0.7363315696649029,8.982363315696645,2.7178130511463845,-0.18977020014825796,0.041312328431173106,1.0
Seattle Seahawks,sea,Kansas City Chiefs,kan,16,-0.3943907675791734,-3.822329575952761,-0.43048845947396663,-0.18988191089640366,-46.795491143317236,-3.3168276972624824,-1.5884326355340832,-0.553676865271068,-34.41398282340316,2.3039452495974233,5.273752012882451,-3.2852925389157264,0.011272141706924366,-9.333870101986037,-170.6399624261942,1.3662104133118627,-56.1293612453033,-0.20920558239398823,11.885668276972623,12.381508319914117,-0.08904629395395891,-0.08296974465345835,0.0
New York Giants,nyg,Minnesota Vikings,min,16,-0.23312977099236643,-2.7893409902654227,0.15428251278100702,-0.5217452202535191,-94.14959030744453,-11.422438546116673,-7.330065130611388,-0.9282862945584424,-98.50745850549757,1.005042369913859,-3.2159114783948475,7.007283423208911,-0.030044120736746116,44.168219062959594,-13.559562994607404,-0.1483297149660343,-49.981371244484876,-0.5057777155262974,6.603963863015615,-4.357868198053085,-0.10052377959354697,-0.028033109269121448,0.0
Cincinnati Bengals,cin,New England Patriots,nwe,16,0.3132743362831859,6.001095659502738,-0.6961651917404129,0.0567214496418037,55.509144542772844,5.2005899705014755,3.575642646439107,1.125158027812895,56.52616940581544,-1.0838600927096502,-0.8940581542351467,2.1699115044247783,0.39266750948166884,2.9334176148335445,221.74867256637162,0.3731984829329962,58.4425621576064,-0.16198904340497255,-9.49169827222925,1.017024863042563,-0.18828803586438778,0.14654978545112624,1.0
Houston Texans,htx,Tennessee Titans,oti,16,-0.5460829493087558,-0.4634480657934823,0.30673164788303386,0.7925677733780079,-4.6282363691745445,5.733323180018278,1.9488272921108738,-0.12899786780383815,-6.172098690222356,-0.9899482180932075,4.795461468169357,-4.336430094425829,-0.3307950045689918,-23.99741090466037,-36.21839780688401,-0.4655802619555285,-28.625647273834886,0.7945476698141944,-14.348157173317084,-1.543862321047822,0.11509202453987716,-0.11619330728889915,1.0
Atlanta Falcons,atl,Baltimore Ravens,rav,16,-0.2025974025974026,-1.3012987012987018,-0.24675324675324672,-0.04675324675324677,-38.41558441558442,-6.653246753246751,-4.987012987012987,-0.2675324675324675,-36.288311688311694,-0.5909090909090908,3.855844155844153,2.325974025974027,0.11688311688311692,-5.840259740259739,-138.7805194805194,-0.3493506493506495,-44.25584415584416,0.0480519480519479,-10.383116883116884,2.1272727272727288,0.08452429563086966,-0.009868187123249827,0.0
Washington Commanders,was,San Francisco 49ers,sfo,16,-0.07679090668781385,-0.020561199806483188,0.07329462989840341,0.11635220125786172,-19.437590711175602,3.6359458151910964,1.4271891630382214,-0.04450895016932743,-10.151669085631369,-0.6347363328495401,3.101354620222544,-1.2871311078858234,-0.43251088534107407,-12.971456216739227,21.637155297532672,1.398887276245767,-32.40904692791486,-0.17077890662796302,0.3870343492985029,9.285921625544265,0.17875581887431224,-0.1214340179006041,0.0
Philadelphia Eagles,phi,Dallas Cowboys,dal,16,0.17215740105239075,1.8690231068405403,0.42736215968885827,-0.7133379089453213,12.963280713795484,0.7516586593456864,0.33607870052619404,-0.2737359871882865,20.530885380919727,-0.85575383207504,-0.8057652711050096,0.3324182109357139,0.6092427362159689,10.068176618622743,89.07618393960206,1.2739647677876917,23.0314573324182,-0.46110729810112094,-3.5038892701898874,7.567604667124228,0.27435020519835845,-0.03602380089665724,0.0
Las Vegas Raiders,rai,Pittsburgh Steelers,pit,16,-0.10199283475145543,-0.7098074339453646,-0.2723914017017466,0.19357366771159867,17.454769368562467,0.23331840573219864,-0.9495073891625623,0.8466188983430362,15.511979399910444,0.9005821764442459,0.2853784146887577,-2.420846394984327,-0.24272279444693234,8.793887147335425,-28.0708687863862,-0.44961934617107024,26.248656515897892,-0.01679355127630977,17.366099417823555,-1.9427899686520362,0.13287213740458015,-0.06289455543217298,0.0
Green Bay Packers,gnb,Miami Dolphins,mia,16,-0.2750172532781229,-2.3236714975845416,0.7427536231884057,-0.2222222222222222,-65.293823326432,1.5588336783988908,0.1685645272601768,-0.40217391304347827,-66.73481711525193,-0.658212560386473,-2.2337819185645245,1.2213595583160775,-0.31746031746031744,10.618357487922708,67.27777777777783,-0.528295376121463,-54.67546583850935,-0.11783988957902003,-6.253105590062113,-1.4409937888198758,-0.26814641207692824,0.019428449667273195,1.0
Denver Broncos,den,Los Angeles Rams,ram,16,-0.08601275267941932,-1.0723104056437407,0.5520282186948854,-0.31840998507665175,7.391398724732056,0.7301587301587276,-2.138380138380139,-0.35829602496269164,4.492877492877511,2.0246913580246915,-6.157237823904492,2.758920092253426,-0.12535612535612528,24.29900963234296,-9.554334554334446,-0.17880884547551235,31.690408357075057,-0.3452720119386785,9.787681454348117,-2.8985212318545663,-0.16005759858218882,-0.16801737588254442,0.0
Tampa Bay Buccaneers,tam,Arizona Cardinals,crd,16,0.043835616438356206,-0.6666186012977633,-0.8543619322278297,-0.4451333813987022,48.05565969718819,4.5222782984859435,2.2915645277577497,-0.08666186012977639,39.426387887527056,-0.7711607786589756,-7.9831290555155014,-2.4106705118961784,-0.5831290555155011,-36.86633020908435,-67.12833453496751,-1.156452775775054,11.189329488103851,-0.2928622927180966,2.6393655371305016,-8.629271809661137,0.014471712251779678,0.01802449372892162,1.0
Los Angeles Chargers,sdg,Indianapolis Colts,clt,16,0.23524203069657612,2.3077062886223203,-1.6857506361323153,-0.35468920392584524,58.19265721555797,4.747001090512541,3.5200836059614673,0.7414576517629954,39.81134133042528,-1.8026172300981465,2.744093057070156,-2.082424572882587,0.5264449291166848,-1.1729371137768112,-95.79543802253716,-1.9394765539803707,57.01972010178122,-0.708106143220647,-20.211468556888406,-18.38131588513268,0.3821708968553982,0.04215161931825634,1.0
